smiles,IC50,mol_weight,bioactivity_class
Cc1cc(C)c(/C=C2\C(=O)Nc3ncnc(Nc4ccc(F)c(Cl)c4)c32)[nH]1,41.0,383.814,1
Cc1cc(C)c(/C=C2\C(=O)Nc3ncnc(Nc4ccc(F)c(Cl)c4)c32)[nH]1,300.0,383.814,1
Cc1cc(C)c(/C=C2\C(=O)Nc3ncnc(Nc4ccc(F)c(Cl)c4)c32)[nH]1,7820.0,383.814,0
Cc1cc(C(=O)N2CCOCC2)[nH]c1/C=C1\C(=O)Nc2ncnc(Nc3ccc(F)c(Cl)c3)c21,170.0,482.9030000000001,1
Cc1cc(C(=O)N2CCOCC2)[nH]c1/C=C1\C(=O)Nc2ncnc(Nc3ccc(F)c(Cl)c3)c21,40.0,482.9030000000001,1
Cc1cc(C(=O)N2CCOCC2)[nH]c1/C=C1\C(=O)Nc2ncnc(Nc3ccc(F)c(Cl)c3)c21,440.0,482.9030000000001,1
CN(c1ccccc1)c1ncnc2ccc(N/N=N/Cc3ccccn3)cc12,9300.0,369.43200000000013,0
CC(=C(C#N)C#N)c1ccc(NC(=O)CCC(=O)O)cc1,500000.0,283.287,0
O=C(O)/C=C/c1ccc(O)cc1,3000000.0,164.16,0
N#CC(C#N)=Cc1cc(O)ccc1[N+](=O)[O-],96000.0,215.16799999999998,0
Cc1cc(C(=O)NCCN2CCOCC2)[nH]c1/C=C1\C(=O)N(C)c2ncnc(Nc3ccc(F)c(Cl)c3)c21,5310.0,539.9990000000001,0
COc1cc(/C=C(\C#N)C(=O)O)cc(OC)c1O,264000.0,249.22199999999998,0
N#CC(C#N)=C(N)/C(C#N)=C/c1ccc(O)cc1,125.0,236.234,1
COc1cc(C=C(C#N)C#N)cc(OC)c1,1250000.0,214.224,0
N#CC(C#N)=Cc1ccc(N2CCOCC2)cc1,625000.0,239.2779999999999,0
N#CC(C#N)=Cc1ccc(O)c(O)c1,35000.0,186.17,0
N[C@@H](Cc1ccc(O)c(O)c1)C(=O)O,900000.0,197.18999999999997,0
CCN(CC)CC(O)CNC(=O)c1cc(C)c(/C=C2\C(=O)Nc3ncnc(Nc4ccc(F)c(Cl)c4)c32)[nH]1,0.45,542.0150000000001,1
N#C/C(=C\c1ccc(O)c(O)c1)C(N)=O,10000.0,204.18499999999997,0
N#CC(C#N)=C(N)/C(C#N)=C/c1ccc(O)c([N+](=O)[O-])c1,60000.0,281.231,0
COc1ccc(NN=C(C#N)C#N)cc1,600000.0,200.20100000000002,0
COc1cc(C=C(C#N)C#N)cc(OC)c1O,850000.0,230.22299999999998,0
N#CC(C#N)=Cc1cc(O)c(O)c(O)c1,3000.0,202.16899999999998,0
C/N=N/Nc1ccc2ncnc(N(C)c3ccccc3)c2c1,8000.0,292.34600000000006,0
N#C/C(=C\c1ccc([N+](=O)[O-])cc1)C(=O)O,1300000.0,218.16799999999998,0
N#C/C(=C/c1ccc[nH]1)C(=O)O,1360000.0,162.14799999999997,0
N#C/C(=C\c1ccc(O)cc1)C(=O)O,165000.0,189.17,0
N#CC(C#N)=Cc1ccncc1,250000.0,155.15999999999997,0
N#CC(C#N)=Cc1ccc(F)cc1,1250000.0,172.16199999999998,0
N#CC(C#N)=Cc1ccc(O)c([N+](=O)[O-])c1,125000.0,215.16799999999998,0
CN(C)/N=N/c1ccc2ncnc(Nc3cccc(Cl)c3)c2c1,14.0,326.791,1
CC(=C(C#N)C#N)c1ccc(N)cc1,1250000.0,183.214,0
N#CCNC(=O)/C(C#N)=C/c1ccc(O)cc1,625000.0,227.223,0
Cc1cccc(Nc2ncnc3ccc(N)cc23)c1,1000.0,250.30500000000004,0
C/N=N/Nc1ccc2ncnc(Nc3cccc(Cl)c3)c2c1,100.0,312.76400000000007,1
CN(C)/N=N/c1ccc2ncnc(N(C)c3ccccc3)c2c1,13350.0,306.373,0
N#CC(C#N)=CNc1ccc(O)cc1,350000.0,185.186,0
O=CN/C=C/c1cc(O)ccc1O,14000.0,179.17499999999998,0
Brc1cccc(Nc2ncnc3ccc(N/N=N/Cc4ccccn4)cc23)c1,238.0,434.30100000000016,1
Brc1cccc(Nc2ncnc3ccc(N/N=N/CCN4CCOCC4)cc23)c1,64.0,456.34800000000035,1
N#CC(C#N)=C1C(=O)NC(=O)NC1=O,1400000.0,190.118,0
N#CC(C#N)=Cc1ccc(C(=O)O)cc1,430000.0,198.18099999999998,0
O=C1Nc2ncnc(Nc3ccc(F)c(Cl)c3)c2/C1=C/c1ccc(C(=O)NCCN2CCOCC2)[nH]1,22.0,511.9450000000004,1
N#CC(C#N)=C(O)c1cc(O)c(O)c(O)c1,13500.0,218.16799999999998,0
COc1ccc(C=C(C#N)C#N)cc1O,250000.0,200.19699999999997,0
Cc1cc(C(=O)N2CCOCC2)[nH]c1/C=C1\C(=O)Nc2ncnc(Nc3ccc4c(ccn4Cc4ccccc4)c3)c21,4.5,559.6300000000002,1
Cc1cc(C(=O)N2CCOCC2)[nH]c1/C=C1\C(=O)Nc2ncnc(Nc3ccc4c(ccn4Cc4ccccc4)c3)c21,100.0,559.6300000000002,1
Nc1ccc2ncnc(NCc3ccccc3)c2c1,508.0,250.30500000000004,1
N#CC(C#N)=Cc1ccc([N+](=O)[O-])c(O)c1,450000.0,215.16799999999995,0
CCN(CC)CCNC(=O)c1c(C)[nH]c(/C=C2\C(=O)Nc3ncnc(Nc4ccc(F)c(Cl)c4)c32)c1C,200.0,526.0160000000002,1
Cc1cc(/C=C2\C(=O)Nc3ncnc(Nc4ccc(F)c(Cl)c4)c32)[nH]c1C(=O)N1CCN(C)CC1,210.0,495.94600000000037,1
Cc1cc(C(=O)N2CCOCC2)[nH]c1/C=C1\C(=O)Nc2ncnc(Nc3ccc4c(c3)CCC4)c21,1410.0,470.53300000000024,0
Cc1cc(C(=O)N2CCOCC2)[nH]c1/C=C1\C(=O)Nc2ncnc(Nc3ccc4c(c3)CCC4)c21,5000.0,470.53300000000024,0
Cc1cc(C(=O)N2CCOCC2)[nH]c1/C=C1\C(=O)Nc2ncnc(Nc3ccc4c(c3)CCC4)c21,4320.0,470.53300000000024,0
N#C/C(=C\c1ccc(F)cc1)C(=O)O,833000.0,191.161,0
N#C/C(=C\c1ccc(C=O)cc1)C(=O)O,47000.0,201.18099999999998,0
O=C(O)/C=C/c1ccc(O)c(O)c1,1200000.0,180.159,0
Cc1cc(C(=O)NCCN2CCOCC2)[nH]c1/C=C1\C(=O)Nc2ncnc(Nc3ccc(F)c(Cl)c3)c21,6.5,525.9720000000001,1
Cc1cc(C(=O)NCCN2CCOCC2)[nH]c1/C=C1\C(=O)Nc2ncnc(Nc3ccc(F)c(Cl)c3)c21,40.0,525.9720000000001,1
Cc1cc(C(=O)NCCN2CCOCC2)[nH]c1/C=C1\C(=O)Nc2ncnc(Nc3ccc(F)c(Cl)c3)c21,2050.0,525.9720000000001,0
CN(c1ccccc1)c1ncnc2ccc(N)cc12,8400.0,250.30499999999998,0
COc1cc(/C(C)=C(\C#N)C(=O)O)ccc1O,1100000.0,233.22299999999998,0
N#CC(C#N)=Cc1ccc(O)cc1,560000.0,170.171,0
Cc1cc(C(=O)N2CCOCC2)[nH]c1/C=C1\C(=O)Nc2ncnc(N3CCCCC3)c21,20000.0,422.48900000000026,0
N#CC(C#N)Cc1ccc(O)cc1,6500000.0,172.187,0
COc1ccc(C=C(C#N)C#N)cc1,1250000.0,184.19799999999998,0
CCN1CCN(C(=O)c2cc(C)c(/C=C3\C(=O)Nc4ncnc(Nc5ccc(F)c(Cl)c5)c43)[nH]2)CC1,13.0,509.97300000000024,1
CCN1CCN(C(=O)c2cc(C)c(/C=C3\C(=O)Nc4ncnc(Nc5ccc(F)c(Cl)c5)c43)[nH]2)CC1,200.0,509.97300000000024,1
CCN1CCN(C(=O)c2cc(C)c(/C=C3\C(=O)Nc4ncnc(Nc5ccc(F)c(Cl)c5)c43)[nH]2)CC1,7500.0,509.97300000000024,0
N#C/C(=C\c1ccc(O)cc1)C(N)=O,800000.0,188.18599999999998,0
N#CC(C#N)=Cc1ccc(C=O)cc1,60000.0,182.182,0
N#CC(C#N)=Cc1cc(O)cc(O)c1,37000.0,186.17,0
COc1ccc(/C=C(\C#N)C(=O)O)cc1,833000.0,203.19699999999997,0
Cc1cc(C(=O)O)[nH]c1/C=C1\C(=O)Nc2ncnc(Nc3ccc(F)c(Cl)c3)c21,29.0,413.7960000000001,1
Cc1cc(C(=O)O)[nH]c1/C=C1\C(=O)Nc2ncnc(Nc3ccc(F)c(Cl)c3)c21,5000.0,413.7960000000001,0
Cc1cc(C(=O)O)[nH]c1/C=C1\C(=O)Nc2ncnc(Nc3ccc(F)c(Cl)c3)c21,50000.0,413.7960000000001,0
COc1cc(/C=C(\C#N)C(=O)O)ccc1O,325000.0,219.196,0
COc1cc(C=C(C#N)C#N)cc(O)c1O,6000.0,216.196,0
Nc1ccc2ncnc(Nc3cccc(Cl)c3)c2c1,200.0,270.72300000000007,1
Nc1ccc2ncnc(Nc3cccc(Br)c3)c2c1,44.0,315.17400000000004,1
COc1ccc(C(O)=C(C#N)C#N)cc1,450000.0,200.197,0
N#C/C(=C/c1cc(O)ccc1O)C(=O)O,75000.0,205.16899999999998,0
Cc1cc(CCC(=O)O)[nH]c1/C=C1\C(=O)Nc2ncnc(Nc3ccc(F)c(Cl)c3)c21,4.7,441.8500000000001,1
Cc1cc(C(=O)N2CCOCC2)[nH]c1/C=C1\C(=O)Nc2ncnc(Nc3ccc4c(cnn4Cc4ccccc4)c3)c21,1.8,560.6180000000002,1
Cc1cc(C(=O)N2CCOCC2)[nH]c1/C=C1\C(=O)Nc2ncnc(Nc3ccc4c(cnn4Cc4ccccc4)c3)c21,100.0,560.6180000000002,1
N#CC(C#N)=Cc1ccc(NC(=O)CCC(=O)O)cc1,640000.0,269.25999999999993,0
N#CC(C#N)=NNc1ccc(O)cc1,225000.0,186.174,0
N#CC(C#N)=Cc1ccc2c(c1)OCO2,350000.0,198.18099999999995,0
CN(C)/N=N/c1ccc2ncnc(Nc3cccc(Br)c3)c2c1,11.0,371.242,1
CCCCc1cc(/C=C(\C#N)C(N)=O)cc(CCCC)c1O,55000.0,300.402,0
COc1cc(/C=C(\C#N)C(N)=C(C#N)C#N)cc(O)c1O,1200.0,282.259,0
N#CC(C#N)=Cc1ccc(/C=C/C(=O)O)cc1,450000.0,224.219,0
Cc1cc(C(=O)N2CCN(C)CC2)[nH]c1/C=C1\C(=O)Nc2ncnc(Nc3ccc(F)c(Cl)c3)c21,2.8,495.9460000000001,1
Cc1cc(C(=O)N2CCN(C)CC2)[nH]c1/C=C1\C(=O)Nc2ncnc(Nc3ccc(F)c(Cl)c3)c21,100.0,495.9460000000001,1
Cc1cc(C(=O)N2CCN(C)CC2)[nH]c1/C=C1\C(=O)Nc2ncnc(Nc3ccc(F)c(Cl)c3)c21,750.0,495.9460000000001,1
C#Cc1cccc(Nc2ncnc3c2/C(=C/c2[nH]c(C(=O)NCCN4CCOCC4)cc2C)C(=O)N3)c1,18.0,497.5590000000004,1
C#Cc1cccc(Nc2ncnc3c2/C(=C/c2[nH]c(C(=O)NCCN4CCOCC4)cc2C)C(=O)N3)c1,40.0,497.5590000000004,1
C#Cc1cccc(Nc2ncnc3c2/C(=C/c2[nH]c(C(=O)NCCN4CCOCC4)cc2C)C(=O)N3)c1,620.0,497.5590000000004,1
Nc1ncnc2c1c(-c1ccc(Oc3ccccc3)cc1)cn2C1CCCC1,3200.0,370.4560000000002,0
N#CC(C#N)=Cc1cc[n+]([O-])cc1,1300000.0,171.15899999999996,0
COc1cc(C=C(C#N)C#N)ccc1O,200000.0,200.197,0
CCN(CC)CCNC(=O)c1cc(C)c(/C=C2\C(=O)Nc3ncnc(Nc4ccc(F)c(Cl)c4)c32)[nH]1,1.2,511.9890000000001,1
CCN(CC)CCNC(=O)c1cc(C)c(/C=C2\C(=O)Nc3ncnc(Nc4ccc(F)c(Cl)c4)c32)[nH]1,200.0,511.9890000000001,1
CCN(CC)CCNC(=O)c1cc(C)c(/C=C2\C(=O)Nc3ncnc(Nc4ccc(F)c(Cl)c4)c32)[nH]1,1290.0,511.9890000000001,0
C/N=N/Nc1ccc2ncnc(Nc3cccc(C)c3)c2c1,200.0,292.34600000000006,1
C/N=N/Nc1ccc2ncnc(Nc3cccc(Br)c3)c2c1,39.0,357.2150000000001,1
CN(C)/N=N/c1ccc2ncnc(NCc3ccccc3)c2c1,482.0,306.373,1
N#CC(C#N)=C(N)/C(C#N)=C/c1cc(O)c(O)c(O)c1,800.0,268.23199999999997,1
N#CC(C#N)=Cc1cc2c(cc1[N+](=O)[O-])OCO2,560000.0,243.17799999999994,0
N#C/C(=C\c1ccccc1)C(=O)O,850000.0,173.17099999999996,0
N#CC(C#N)=C(N)/C(C#N)=C/c1ccc(O)c(O)c1,2500.0,252.233,0
N#CC(C#N)=Cc1ccc[nH]1,260000.0,143.14899999999997,0
Cc1c(C(=O)N2CCN(C)CC2)c[nH]c1/C=C1\C(=O)Nc2ncnc(Nc3ccc(F)c(Cl)c3)c21,410.0,495.9460000000002,1
Cc1cc(C(=O)N2CC(C)NC(C)C2)[nH]c1/C=C1\C(=O)Nc2ncnc(Nc3ccc(F)c(Cl)c3)c21,5.9,509.97300000000024,1
Cc1cc(C(=O)N2CC(C)NC(C)C2)[nH]c1/C=C1\C(=O)Nc2ncnc(Nc3ccc(F)c(Cl)c3)c21,2580.0,509.97300000000024,0
CN(C)CC/N=N/Nc1ccc2ncnc(Nc3cccc(Br)c3)c2c1,38.0,414.3110000000001,1
C/N=N/Nc1ccc2ncnc(NCc3ccccc3)c2c1,335.0,292.34600000000006,1
Cc1cc(C)c(/C=C2\C(=O)N(C)c3ncnc(Nc4ccc(F)c(Cl)c4)c32)[nH]1,20000.0,397.84100000000007,0
Brc1cccc(Nc2ncnc3ccc(N/N=N/Cc4ccccc4)cc23)c1,25.0,433.31300000000016,1
N#C/C(=C\c1ccc(O)c(O)c1)C(N)=S,2400.0,220.253,0
CC(C)(C)c1cc(C=C(C#N)C#N)cc(C(C)(C)C)c1O,460000.0,282.387,0
O=C1Nc2ncnc(Nc3ccc(F)c(Cl)c3)c2/C1=C/c1ccc[nH]1,20000.0,355.76000000000005,0
Cc1cc(C(=O)NCCN2CCOCC2)[nH]c1/C=C1\C(=O)Nc2ncnc(Nc3ccc4c(ccn4Cc4ccccc4)c3)c21,1.1,602.6990000000002,1
Cc1cc(C(=O)NCCN2CCOCC2)[nH]c1/C=C1\C(=O)Nc2ncnc(Nc3ccc4c(ccn4Cc4ccccc4)c3)c21,200.0,602.6990000000002,1
Cc1cc(C(=O)NCCN2CCOCC2)[nH]c1/C=C1\C(=O)Nc2ncnc(Nc3ccc4c(ccn4Cc4ccccc4)c3)c21,1950.0,602.6990000000002,0
O=C(O)C(=Cc1ccc(O)cc1)C(=O)O,1500000.0,208.16899999999998,0
COc1cc(C=C(C#N)C#N)cc([N+](=O)[O-])c1O,160000.0,245.194,0
Cc1[nH]c(/C=C2\C(=O)Nc3ncnc(Nc4ccc(F)c(Cl)c4)c32)c(C)c1CCC(=O)O,180.0,455.8770000000003,1
CCN(CC)CCNC(=O)c1cc(C)c(/C=C2\C(=O)Nc3ncnc(Nc4ccc(Cl)cc4F)c32)[nH]1,450.0,511.9890000000001,1
CCN(CC)CCNC(=O)c1cc(C)c(/C=C2\C(=O)Nc3ncnc(Nc4ccc(Cl)cc4F)c32)[nH]1,500.0,511.9890000000001,1
Cc1cccc(Nc2ncnc3ccc(/N=N/N(C)C)cc23)c1,24.0,306.3730000000001,1
N#CC(C#N)=Cc1cccc(O)c1,375000.0,170.17099999999996,0
COCC/N=N/Nc1ccc2ncnc(Nc3cccc(Br)c3)c2c1,71.0,401.2680000000001,1
N#C/C(=C\c1ccc(O)c(O)c1)C(=O)O,25000.0,205.16899999999998,0
N#CC(C#N)=C(O)c1ccc(O)cc1,230000.0,186.17,0
N#CC(C#N)=C(N)/C(C#N)=C/c1cc(O)c(O)c(Br)c1,500.0,331.129,1
N#C/C=C/c1ccc(O)cc1,2400000.0,145.161,0
COc1cc(C=C(C#N)C#N)cc(Br)c1O,153000.0,279.093,0
COc1cccc(-c2ccc3c(c2)NC(=O)/C3=C\c2[nH]c3c(c2CCC(=O)O)CCCC3)c1,8880.0,442.5150000000003,0
COc1ccc2c(c1)NC(=O)/C2=C\c1[nH]c2c(c1CCC(=O)O)CCCC2,100000.0,366.4170000000002,0
COc1cccc(-c2ccc3c(c2)NC(=O)/C3=C\c2cc3c([nH]2)CCCC3)c1,100000.0,370.45200000000017,0
COc1cc(Nc2c(C#N)cnc3cc(-c4ccc(CN5CCOCC5)cc4)ccc23)c(Cl)cc1Cl,3000.0,519.4320000000004,0
COc1ccccc1-c1ccc2c(c1)NC(=O)/C2=C\c1cc2c([nH]1)CCCC2,100000.0,370.4520000000002,0
O=C(O)CCc1c(/C=C2\C(=O)Nc3ccc(C(=O)O)cc32)[nH]c2c1CCCC2,56500.0,380.4000000000002,0
COc1ccc2c(c1)NC(=O)/C2=C\c1cc2c([nH]1)CCCC2,100000.0,294.3540000000001,0
O=C(O)CCc1c(/C=C2\C(=O)Nc3cc(-c4ccccc4)ccc32)[nH]c2c1CCCC2,100000.0,412.48900000000026,0
COc1ccc(-c2ccc3c(c2)NC(=O)/C3=C\c2[nH]c3c(c2CCC(=O)O)CCCC3)cc1,100000.0,442.5150000000004,0
O=C1Nc2ccccc2/C1=C/c1cc2c([nH]1)CCCC2,100000.0,264.328,0
O=C(O)CCc1c(/C=C2\C(=O)Nc3ccc(Br)cc32)[nH]c2c1CCCC2,100000.0,415.2870000000002,0
NS(=O)(=O)c1ccc2c(c1)/C(=C/c1cc3c([nH]1)CCCC3)C(=O)N2,100000.0,343.4080000000002,0
O=C1Nc2cc(-c3ccccc3)ccc2/C1=C/c1cc2c([nH]1)CCCC2,100000.0,340.4260000000002,0
Cc1c[nH]c(/C=C2\C(=O)Nc3ccccc32)c1CCC(=O)O,100000.0,296.326,0
Cc1cc(C)c(/C=C2\C(=O)Nc3ccccc32)[nH]1,100000.0,238.29000000000002,0
COc1ccc(-c2ccc3c(c2)NC(=O)/C3=C\c2cc3c([nH]2)CCCC3)cc1,100000.0,370.45200000000017,0
O=C1Nc2ccc(C(=O)O)cc2/C1=C/c1cc2c([nH]1)CCCC2,100000.0,308.33700000000016,0
NS(=O)(=O)c1ccc2c(c1)/C(=C/c1[nH]c3c(c1CCC(=O)O)CCCC3)C(=O)N2,29100.0,415.4710000000003,0
O=C(O)CCc1c(/C=C2\C(=O)Nc3ccccc32)[nH]c2c1CCCC2,100000.0,336.39100000000025,0
O=C1Nc2ccc(Br)cc2/C1=C/c1cc2c([nH]1)CCCC2,100000.0,343.22400000000016,0
COc1ccccc1-c1ccc2c(c1)NC(=O)/C2=C\c1[nH]c2c(c1CCC(=O)O)CCCC2,100000.0,442.5150000000004,0
O=C1NC(=O)c2cc(NC3CCCCC3)c(NC3CCCCC3)cc21,50000.0,341.45500000000015,0
C=CC(=O)N(CCN(C)C)c1cc2c(Nc3cccc(Br)c3)ncnc2cn1,4.2,441.3330000000001,1
C=CC(=O)N(CCN(C)C)c1cc2c(Nc3cccc(Br)c3)ncnc2cn1,2282.0,441.3330000000001,0
Cc1cccc(Nc2ncnc3cnc(N(C)C)nc23)c1,4.0,280.33500000000004,1
Cc1cccc(Nc2ncnc3cnc(Cl)nc23)c1,380.0,271.71100000000007,1
O=C1c2cc(Nc3ccccc3)c(Nc3ccccc3)cc2C(=O)N1c1ccccc1,100000.0,405.45700000000016,0
O=C1c2cc(Nc3ccccc3)c(Nc3ccccc3)cc2C(=O)N1c1ccccc1,50000.0,405.45700000000016,0
C=CC(=O)N(CCCN1CCOCC1)c1ccc2ncnc(Nc3cccc(Br)c3)c2c1,3.3,496.40900000000005,1
C=CC(=O)N(CCCN1CCOCC1)c1ccc2ncnc(Nc3cccc(Br)c3)c2c1,194.0,496.40900000000005,1
CCn1c(=O)c(-c2c(Cl)cccc2Cl)cc2cnc(Nc3ccccc3)nc21,200.0,411.2920000000001,1
Cn1c(=O)c(-c2c(Cl)cccc2Cl)cc2cnc(Nc3cccc(Br)c3)nc21,670.0,476.1610000000001,1
COc1cccc(Nc2ncc3cc(-c4c(Cl)cccc4Cl)c(=O)n(C)c3n2)c1,30.0,427.2910000000001,1
Cn1c(SSc2c(C(=O)Nc3ccccc3)c3cccc(Cl)c3n2C)c(C(=O)Nc2ccccc2)c2cccc(Cl)c21,100000.0,631.6100000000001,0
COC(=O)c1cc(Nc2ccc(F)cc2)c(Nc2ccc(F)cc2)cc1C(=O)OC,100000.0,412.39200000000017,0
O=C(/C=C/C(=O)Nc1cc2c(Nc3cccc(Br)c3)ncnc2cn1)NCCCN1CCOCC1,0.81,540.4220000000001,1
O=C(/C=C/C(=O)Nc1cc2c(Nc3cccc(Br)c3)ncnc2cn1)NCCCN1CCOCC1,8.8,540.4220000000001,1
O=C(/C=C/C(=O)Nc1cc2c(Nc3cccc(Br)c3)ncnc2cn1)NCCCN1CCOCC1,8.8,540.4220000000001,1
Cn1c(=O)c(-c2c(Cl)cccc2Cl)cc2cnc(NC3CCCCC3)nc21,50000.0,403.3130000000003,0
COc1ncc2ncnc(Nc3cccc(Br)c3)c2n1,3.8,332.16100000000006,1
COc1cc2ncnc(Nc3ccc(F)c(Cl)c3)c2cc1OCCCN1CCOCC1,515.0,446.9100000000004,1
C#Cc1cccc(Nc2c(C#N)cnc3cc(OCCOC)c(OCCOC)cc23)c1,850.0,417.46500000000026,1
O=C1NC(=O)c2cc(Sc3ccccc3)c(Sc3ccccc3)cc21,100000.0,363.4630000000001,0
Cc1cccc(Nc2ncnc3cnc(N)nc23)c1,17.0,252.28100000000003,1
COc1cccc2c(C(=O)Nc3ccccc3)c(SSc3c(C(=O)Nc4ccccc4)c4cccc(OC)c4n3C)n(C)c12,6500.0,622.7719999999999,0
COC(=O)c1cccc(NCc2cc(O)ccc2O)c1,9000.0,273.28799999999995,0
O=C(O)c1cc(/N=C/c2cc(O)ccc2O)ccc1O,100000.0,273.244,0
C=CC(=O)Nc1cc2c(Nc3ccc(F)c(Cl)c3)ncnc2cc1OCCCN1CCOCC1.Cl.Cl,1.5,558.8690000000005,1
C=CC(=O)Nc1cc2c(Nc3ccc(F)c(Cl)c3)ncnc2cc1OCCCN1CCOCC1.Cl.Cl,7.4,558.8690000000005,1
C=CC(=O)Nc1cc2c(Nc3ccc(F)c(Cl)c3)ncnc2cc1OCCCN1CCOCC1.Cl.Cl,7.4,558.8690000000005,1
COc1ccc(Nc2ncc3cc(-c4c(Cl)cccc4Cl)c(=O)n(C)c3n2)cn1,1300.0,428.2790000000001,0
CNc1ncc2ncnc(Nc3cccc(C)c3)c2n1,4.3,266.308,1
Cc1ccc2c(C(=O)Nc3ccccc3)c(SSc3c(C(=O)Nc4ccccc4)c4ccc(C)cc4n3C)n(C)c2c1,100000.0,590.7740000000001,0
COC(=O)c1cc(/N=C/c2cc(O)ccc2O)ccc1OC,100000.0,301.29800000000006,0
COC(=O)c1cc(NCc2ccccc2O)ccc1O,20000.0,273.28800000000007,0
O=C1NC(=O)c2c1c1c3ccccc3[nH]c1c1[nH]c3ccccc3c21,100000.0,325.32700000000006,0
CCOC(=O)/C=C/C(=O)Nc1cc2c(Nc3cccc(Br)c3)ncnc2cn1,1.5,442.2730000000001,1
CCOC(=O)/C=C/C(=O)Nc1cc2c(Nc3cccc(Br)c3)ncnc2cn1,51.0,442.2730000000001,1
Cn1c(=O)c(-c2c(Cl)cccc2Cl)cc2cnc(NCc3cccnc3)nc21,5000.0,412.28000000000014,0
COc1ccc(Nc2ncc3cc(-c4c(Cl)cccc4Cl)c(=O)n(C)c3n2)cc1C,250.0,441.31800000000015,1
Brc1cccc(Nc2ncnc3cnc(NCCCN4CCOCC4)nc23)c1,2.9,444.3370000000004,1
Cn1c(SSc2c(C(=O)Nc3ccccc3)c3ccccc3n2C)c(C(=O)Nc2ccccc2)c2ccccc21,10000.0,562.7200000000003,0
CN1CCN(CCCCCNc2ncc3cc(-c4c(Cl)cccc4Cl)c(=O)n(C)c3n2)CC1,4500.0,489.4510000000003,0
Cn1c(=O)c(-c2c(Cl)cccc2Cl)cc2cnc(Nc3cccc(CO)c3)nc21,90.0,427.29100000000017,1
Brc1cccc(Nc2ncnc3cnc(NCCN4CCOCC4)nc23)c1,0.81,430.31000000000034,1
Brc1cccc(Nc2ncnc3cnc(NCCN4CCOCC4)nc23)c1,3.1,430.31000000000034,1
O=C1NC(=O)C(c2c[nH]c3ccccc23)=C1c1c[nH]c2ccccc12,50000.0,327.3430000000001,0
O=C(CCc1c(SSc2[nH]c3ccccc3c2CCC(=O)NCc2ccccc2)[nH]c2ccccc12)NCc1ccccc1,850.0,618.8280000000002,1
CNc1ncc2ncnc(Nc3ccccc3)c2n1,13.0,252.28100000000003,1
O=C1NC(=O)c2cc(Nc3ccc(O)cc3)c(Nc3ccc(O)cc3)cc21,2500.0,361.3570000000001,0
C=CC(=O)Nc1ccc2ncnc(Nc3cccc(Br)c3)c2c1,0.7,369.22200000000004,1
C=CC(=O)Nc1ccc2ncnc(Nc3cccc(Br)c3)c2c1,2.7,369.22200000000004,1
C/C=C/C(=O)Nc1cc2c(Nc3cccc(Br)c3)ncnc2cn1,0.5,384.2370000000001,1
C/C=C/C(=O)Nc1cc2c(Nc3cccc(Br)c3)ncnc2cn1,7.7,384.2370000000001,1
Cn1c(=O)c(-c2c(Cl)cccc2Cl)cc2cnc(NCc3ccccc3)nc21,50000.0,411.29200000000014,0
Cn1c(SSc2c(C(=O)Nc3ccccc3)c3cc(C#N)ccc3n2C)c(C(=O)Nc2ccccc2)c2cc(C#N)ccc21,54100.0,612.7400000000001,0
Cn1c(SSc2c(C(=O)Nc3ccccc3)c3cccc(O)c3n2C)c(C(=O)Nc2ccccc2)c2cccc(O)c21,100000.0,594.7180000000003,0
CN1C(=S)C(C)(C(=O)Nc2ccccc2)c2ccccc21,100000.0,296.39500000000004,0
CN(c1ccccc1)c1cc2c(cc1N(C)c1ccccc1)C(=O)NC2=O,50000.0,357.41300000000007,0
C=CC(=O)N(C)c1cc2c(Nc3cccc(Br)c3)ncnc2cn1,0.17,384.2370000000001,1
C=CC(=O)N(C)c1cc2c(Nc3cccc(Br)c3)ncnc2cn1,13.0,384.2370000000001,1
CCN(CC)CCCNC(=O)/C=C/C(=O)Nc1cc2c(Nc3cccc(Br)c3)ncnc2cn1,0.73,526.4390000000001,1
CCN(CC)CCCNC(=O)/C=C/C(=O)Nc1cc2c(Nc3cccc(Br)c3)ncnc2cn1,21.0,526.4390000000001,1
CCN(CC)CCCNC(=O)/C=C/C(=O)Nc1cc2c(Nc3cccc(Br)c3)ncnc2cn1,21.0,526.4390000000001,1
Cc1cccc2c1c(C(=O)Nc1ccccc1)c(SSc1c(C(=O)Nc3ccccc3)c3c(C)cccc3n1C)n2C,100000.0,590.7740000000001,0
Cn1c(SSc2c(C(=O)Nc3ccccc3)c3cc([N+](=O)[O-])ccc3n2C)c(C(=O)Nc2ccccc2)c2cc([N+](=O)[O-])ccc21,5000.0,652.7140000000003,0
CC(=O)Oc1ccc2c(C(=O)Nc3ccccc3)c(SSc3c(C(=O)Nc4ccccc4)c4ccc(OC(C)=O)cc4n3C)n(C)c2c1,100000.0,678.7919999999999,0
CN1C(=S)C(C(=O)Nc2ccccc2)c2cc(Cl)ccc21,100000.0,316.81300000000005,0
CSc1c(C(=O)Nc2ccccc2)c2ccccc2n1C,100000.0,296.3950000000001,0
C=CC(=O)N(CCCN1CCOCC1)c1cc2c(Nc3cccc(Br)c3)ncnc2cn1,2.7,497.39700000000005,1
C=CC(=O)N(CCCN1CCOCC1)c1cc2c(Nc3cccc(Br)c3)ncnc2cn1,156.0,497.39700000000005,1
CN(C)c1ncc2cc(-c3c(Cl)cccc3Cl)c(=O)n(C)c2n1,50000.0,349.22100000000006,0
COc1cc(Nc2ncc3cc(-c4c(Cl)cccc4Cl)c(=O)n(C)c3n2)cc(OC)c1,330.0,457.3170000000002,1
Clc1ncc2ncnc(Nc3cccc(Br)c3)c2n1,82.0,336.58000000000004,1
CN1C(=S)C(C(=O)Nc2ccccc2)c2ccccc21,1000.0,282.36800000000005,0
O=C(O)c1cc(/N=C/c2ccccc2O)ccc1O,20000.0,257.245,0
COC(=O)c1cc(NCc2cccc(O)c2)ccc1O,21000.0,273.28800000000007,0
CC(C)Nc1ncc2cc(-c3c(Cl)cccc3Cl)c(=O)n(C)c2n1,5000.0,363.2480000000001,0
CNc1ncc2ncnc(Nc3cccc(Br)c3)c2n1,0.76,331.177,1
CNc1ncc2ncnc(Nc3cccc(Br)c3)c2n1,30.0,331.177,1
C=C(C)C(=O)Nc1cc2c(Nc3cccc(Br)c3)ncnc2cn1,1.6,384.2370000000001,1
C=C(C)C(=O)Nc1cc2c(Nc3cccc(Br)c3)ncnc2cn1,44.0,384.2370000000001,1
C/C=C/C(=O)Nc1ccc2ncnc(Nc3cccc(Br)c3)c2c1,0.55,383.2490000000001,1
C/C=C/C(=O)Nc1ccc2ncnc(Nc3cccc(Br)c3)c2c1,8.7,383.2490000000001,1
Nc1ncc2ncnc(Nc3cccc(Br)c3)c2n1,1.5,317.15000000000003,1
Cc1cccc(Nc2ncnc3cnc(NCCN4CCOCC4)nc23)c1,2.3,365.44100000000026,1
Clc1ncc2ncnc(Nc3ccccc3)c2n1,2550.0,257.684,0
C=CC(=O)Nc1cc2c(Nc3ccc(F)c(Cl)c3)ncnc2cc1OCCCN1CCOCC1,74.0,485.9470000000004,1
CCOC(=O)/C=C/C(=O)Nc1ccc2ncnc(Nc3cccc(Br)c3)c2c1,2.7,441.2850000000001,1
CCOC(=O)/C=C/C(=O)Nc1ccc2ncnc(Nc3cccc(Br)c3)c2c1,64.0,441.2850000000001,1
O=C(/C=C/C(=O)Nc1cc2c(Nc3ccc(F)c(Cl)c3)ncnc2cn1)NCCCN1CCOCC1,0.61,513.9610000000004,1
O=C(/C=C/C(=O)Nc1cc2c(Nc3ccc(F)c(Cl)c3)ncnc2cn1)NCCCN1CCOCC1,14.0,513.9610000000004,1
O=C(/C=C/C(=O)Nc1cc2c(Nc3ccc(F)c(Cl)c3)ncnc2cn1)NCCCN1CCOCC1,14.0,513.9610000000004,1
Cn1c(=O)c(-c2c(Cl)cccc2Cl)cc2cnc(Nc3cccc(O)c3)nc21,150.0,413.2640000000001,1
CCOC(=O)CCCc1ccc(Nc2ncc3cc(-c4c(Cl)cccc4Cl)c(=O)n(C)c3n2)cc1,700.0,511.4090000000003,1
Brc1cccc(Nc2ncnc3cnc(NCCc4c[nH]cn4)nc23)c1,0.25,411.26700000000017,1
Brc1cccc(Nc2ncnc3cnc(NCCc4c[nH]cn4)nc23)c1,5.1,411.26700000000017,1
CN(C)c1cc2c(Nc3cccc(Br)c3)ncnc2cn1,2.6,344.216,1
CN(C)c1cc2c(Nc3cccc(Br)c3)ncnc2cn1,12.0,344.216,1
O=C(/C=C/Cl)Nc1cc2c(Nc3cccc(Br)c3)ncnc2cn1,0.69,404.6550000000001,1
O=C(/C=C/Cl)Nc1cc2c(Nc3cccc(Br)c3)ncnc2cn1,20.0,404.6550000000001,1
CC(=O)/C=C/C(=O)Nc1ccc2ncnc(Nc3cccc(Br)c3)c2c1,1.2,411.25900000000007,1
CC(=O)/C=C/C(=O)Nc1ccc2ncnc(Nc3cccc(Br)c3)c2c1,1039.0,411.25900000000007,0
C=CS(=O)(=O)Nc1ccc2ncnc(Nc3cccc(Br)c3)c2c1,1.4,405.2770000000001,1
C=CS(=O)(=O)Nc1ccc2ncnc(Nc3cccc(Br)c3)c2c1,2.7,405.2770000000001,1
Cc1cccc(Nc2ncnc3cnc(NCCc4c[nH]cn4)nc23)c1,3.0,346.398,1
Cc1cccc2c(C(=O)Nc3ccccc3)c(SSc3c(C(=O)Nc4ccccc4)c4cccc(C)c4n3C)n(C)c12,100000.0,590.774,0
O=C(O)c1cccc(/N=C/c2cc(O)ccc2O)c1,20000.0,257.245,0
O=c1c(-c2ccc(O)cc2)coc2cc(O)cc(O)c12,1000.0,270.24,0
CN(C)CCCNC(=O)/C=C/C(=O)N(C)c1cc2c(Nc3cccc(Br)c3)ncnc2cn1,1.45,512.412,1
CN(C)CCCNC(=O)/C=C/C(=O)N(C)c1cc2c(Nc3cccc(Br)c3)ncnc2cn1,193.0,512.412,1
C=CS(=O)(=O)c1cc2c(Nc3cccc(Br)c3)ncnc2cn1,0.43,391.25000000000006,1
C=CS(=O)(=O)c1cc2c(Nc3cccc(Br)c3)ncnc2cn1,500.0,391.25000000000006,1
COc1ccc(Nc2ncc3cc(-c4c(Cl)cccc4Cl)c(=O)n(C)c3n2)cc1,220.0,427.2910000000001,1
CNc1ccc2ncnc(Nc3cccc(Br)c3)c2n1,3.1,330.1890000000001,1
CNc1ccc2ncnc(Nc3cccc(Br)c3)c2n1,20.0,330.1890000000001,1
C=CC(=O)Nc1cc2c(Nc3ccc(F)c(Cl)c3)c(C#N)cnc2cc1OCCCN1CCOCC1,80.0,509.96900000000045,1
COC(=O)c1ccc(/N=C/c2cc(O)ccc2O)cc1O,10000.0,287.271,0
O=C(O)c1cccc(NCc2cc(O)ccc2O)c1,20000.0,259.26099999999997,0
COC(=O)c1cc(NCc2cc(O)ccc2O)ccc1O,9000.0,289.28700000000003,0
O=C1NC(=O)c2cc(Nc3ccccc3)c(Nc3ccccc3)cc21,300.0,329.35900000000004,1
O=C1NC(=O)c2cc(Nc3ccccc3)c(Nc3ccccc3)cc21,4500.0,329.35900000000004,0
COc1ccc(Nc2cc3c(cc2Nc2ccc(OC)cc2)C(=O)NC3=O)cc1,50000.0,389.4110000000001,0
COc1ccc(Nc2cc3c(cc2Nc2ccc(OC)cc2)C(=O)NC3=O)cc1,100000.0,389.4110000000001,0
CN(c1ccccc1)c1cc2c(cc1Nc1ccccc1)C(=O)NC2=O,8700.0,343.3860000000001,0
CN(c1ccccc1)c1cc2c(cc1Nc1ccccc1)C(=O)NC2=O,100000.0,343.3860000000001,0
COC(=O)c1cc(Nc2ccccc2)c(Nc2ccccc2)cc1C(=O)OC,100000.0,376.41200000000015,0
CN(C)c1cc2c(Nc3cccc(Br)c3)ncnc2cn1,0.006,344.216,1
CN(C)c1cc2c(Nc3cccc(Br)c3)ncnc2cn1,21.0,344.216,1
Cc1ccc2c(c1)c(C(=O)Nc1ccccc1)c(SSc1c(C(=O)Nc3ccccc3)c3cc(C)ccc3n1C)n2C,100000.0,590.7740000000001,0
CC(=O)Oc1ccc2c(c1)c(C(=O)Nc1ccccc1)c(SSc1c(C(=O)Nc3ccccc3)c3cc(OC(C)=O)ccc3n1C)n2C,5300.0,678.792,0
Cn1c(SSCc2ccccc2)c(C(=O)Nc2ccccc2)c2ccccc21,100000.0,404.5600000000002,0
O=S(=O)(CCO)c1cc2c(Nc3cccc(Br)c3)ncnc2cn1,93.5,409.2650000000001,1
Cn1c(=O)c(-c2c(Cl)cccc2Cl)cc2cnc(Nc3ccc(CC(=O)O)cc3)nc21,220.0,455.3010000000002,1
COc1ccccc1Nc1ncc2cc(-c3c(Cl)cccc3Cl)c(=O)n(C)c2n1,66.0,427.2910000000001,1
Brc1cccc(Nc2ncnc3cnc(NCCCn4ccnc4)nc23)c1,2.3,425.2940000000002,1
COC(=O)c1cc(/N=C/c2ccc(O)cc2)ccc1O,10000.0,271.272,0
COC(=O)c1cc(NCc2cc(O)ccc2O)ccc1OC,9500.0,303.3140000000001,0
Cn1c(=O)c(-c2c(Cl)cccc2Cl)cc2cnc(NCCCN3CCOCC3)nc21,5000.0,448.3540000000004,0
Cn1c(=O)c(-c2c(Cl)cccc2Cl)cc2cnc(NCCCCCC(=O)O)nc21,1000.0,435.3110000000003,0
C#Cc1cccc(Nc2ncnc3cc(OCCOC)c(OCCOC)cc23)c1,1450.0,393.4430000000002,0
CN1C(=S)C(C(=O)Nc2ccccc2)c2cccnc21,100000.0,283.35600000000005,0
C=C(C)C(=O)Nc1ccc2ncnc(Nc3cccc(Br)c3)c2c1,1.2,383.249,1
C=C(C)C(=O)Nc1ccc2ncnc(Nc3cccc(Br)c3)c2c1,16.0,383.249,1
Cn1c(=O)c(-c2c(Cl)cccc2Cl)cc2cnc(Nc3cccc(C(=O)O)c3)nc21,190.0,441.27400000000017,1
CN(C)c1ccc2ncnc(Nc3cccc(Br)c3)c2c1,84.0,343.228,1
CN(C)c1ccc2ncnc(Nc3cccc(Br)c3)c2n1,9.6,344.216,1
CN(C)c1ccc2ncnc(Nc3cccc(Br)c3)c2n1,32.0,344.216,1
Nc1cc2c(Nc3cccc(Br)c3)ncnc2cn1,0.13,316.16200000000003,1
Nc1cc2c(Nc3cccc(Br)c3)ncnc2cn1,16.0,316.16200000000003,1
COc1cccc2c1c(C(=O)Nc1ccccc1)c(SSc1c(C(=O)Nc3ccccc3)c3c(OC)cccc3n1C)n2C,100000.0,622.772,0
Cn1c(SSc2c(C(=O)Nc3ccccc3)c3ccc(O)cc3n2C)c(C(=O)Nc2ccccc2)c2ccc(O)cc21,44000.0,594.7180000000003,0
COC(=O)c1ccc(NCc2cc(O)ccc2O)cc1O,10000.0,289.28700000000003,0
Cc1ccc(Nc2cc3c(cc2Nc2ccc(C)cc2)C(=O)NC3=O)cc1,2500.0,357.4130000000001,0
Cc1ccc(Nc2cc3c(cc2Nc2ccc(C)cc2)C(=O)NC3=O)cc1,4500.0,357.4130000000001,0
O=C1NC(=O)c2cc(Nc3ccc(-c4ccccc4)cc3)c(Nc3ccc(-c4ccccc4)cc3)cc21,50000.0,481.5550000000002,0
O=C1NC(=O)c2cc(Nc3ccc(-c4ccccc4)cc3)c(Nc3ccc(-c4ccccc4)cc3)cc21,100000.0,481.5550000000002,0
CN(C)CCCNC(=O)/C=C/C(=O)Nc1cc2c(Nc3cccc(Br)c3)ncnc2cn1,1.1,498.3850000000001,1
CN(C)CCCNC(=O)/C=C/C(=O)Nc1cc2c(Nc3cccc(Br)c3)ncnc2cn1,57.0,498.3850000000001,1
CN(C)CCCNC(=O)/C=C/C(=O)Nc1cc2c(Nc3cccc(Br)c3)ncnc2cn1,57.0,498.3850000000001,1
Cn1c(=O)c(-c2c(Cl)cccc2Cl)cc2cnc(NCCO)nc21,5000.0,365.22000000000014,0
Cn1c(=O)c(-c2c(Cl)cccc2Cl)cc2cnc(Nc3cccnc3)nc21,510.0,398.2530000000001,1
COc1cc2ncc(C#N)c(Nc3ccc(F)c(Cl)c3)c2cc1OCCCN1CCOCC1,1040.0,470.9320000000004,0
CC(=O)Oc1cccc2c1c(C(=O)Nc1ccccc1)c(SSc1c(C(=O)Nc3ccccc3)c3c(OC(C)=O)cccc3n1C)n2C,20000.0,678.792,0
COC(=O)c1cc(NCc2ccc(O)cc2)ccc1O,10000.0,273.28800000000007,0
O=C(/C=C/c1ccccc1)Nc1cc2c(Nc3cccc(Br)c3)ncnc2cn1,9.1,446.3080000000001,1
O=C(/C=C/c1ccccc1)Nc1cc2c(Nc3cccc(Br)c3)ncnc2cn1,77.0,446.3080000000001,1
Cn1c(=O)c(-c2c(Cl)cccc2Cl)cc2cnc(N)nc21,5600.0,321.1670000000001,0
COc1ccc2ncnc(Nc3cccc(Br)c3)c2n1,4.3,331.17300000000006,1
Cn1c(SSc2c(C(=O)Nc3ccccc3)c3cc(F)ccc3n2C)c(C(=O)Nc2ccccc2)c2cc(F)ccc21,100000.0,598.7000000000003,0
Cn1c(SSc2c(C(=O)Nc3ccccc3)c3cc(O)ccc3n2C)c(C(=O)Nc2ccccc2)c2cc(O)ccc21,40500.0,594.7180000000003,0
Cn1c(SSc2c(C(=O)Nc3ccccc3)c3cccnc3n2C)c(C(=O)Nc2ccccc2)c2cccnc21,22300.0,564.6960000000003,0
C=CC(=O)Nc1cc2c(Nc3cccc(Br)c3)ncnc2cn1,0.91,370.21000000000004,1
C=CC(=O)Nc1cc2c(Nc3cccc(Br)c3)ncnc2cn1,3.4,370.21000000000004,1
O=C(/C=C/C(F)(F)F)Nc1ccc2ncnc(Nc3cccc(Br)c3)c2c1,1.75,437.21900000000016,1
O=C(/C=C/C(F)(F)F)Nc1ccc2ncnc(Nc3cccc(Br)c3)c2c1,35.0,437.21900000000016,1
C=C=CC(=O)Nc1ccc2ncnc(Nc3cccc(Br)c3)c2c1,1.6,381.23300000000006,1
C=C=CC(=O)Nc1ccc2ncnc(Nc3cccc(Br)c3)c2c1,120.0,381.23300000000006,1
CCn1c(=O)c(-c2c(Cl)cccc2Cl)cc2cnc(Nc3ccncc3)nc21,490.0,412.2800000000001,1
Cn1c(SSc2c(C(=O)Nc3ccccc3)c3ccc(Cl)cc3n2C)c(C(=O)Nc2ccccc2)c2ccc(Cl)cc21,100000.0,631.6100000000001,0
CCN(CC)CCCNc1ncc2cc(-c3c(Cl)cccc3Cl)c(=O)n(C)c2n1,1400.0,434.37100000000015,0
CN1CCN(CCCCNc2ncc3cc(-c4c(Cl)cccc4Cl)c(=O)n(C)c3n2)CC1,210.0,475.42400000000026,1
CN(C)c1ncc2ncnc(Nc3cccc(Br)c3)c2n1,0.95,345.20400000000006,1
CN(C)c1ncc2ncnc(Nc3cccc(Br)c3)c2n1,22.0,345.20400000000006,1
Cn1c(SSc2c(C(=O)Nc3ccccc3)c3cc(Cl)ccc3n2C)c(C(=O)Nc2ccccc2)c2cc(Cl)ccc21,4300.0,631.6100000000001,0
Cn1c(SSc2c(C(=O)Nc3ccccc3)c3cc(C(F)(F)F)ccc3n2C)c(C(=O)Nc2ccccc2)c2cc(C(F)(F)F)ccc21,100000.0,698.7140000000003,0
N#Cc1ccc(Nc2cc3c(cc2Nc2ccc(C#N)cc2)C(=O)NC3=O)cc1,100000.0,379.3790000000001,0
CN(C)CCCOC(=O)/C=C/C(=O)Nc1ccc2ncnc(Nc3cccc(Br)c3)c2c1,2.4,498.38100000000014,1
CN(C)CCCOC(=O)/C=C/C(=O)Nc1ccc2ncnc(Nc3cccc(Br)c3)c2c1,108.0,498.38100000000014,1
CN(C)CCCOC(=O)/C=C/C(=O)Nc1ccc2ncnc(Nc3cccc(Br)c3)c2c1,108.0,498.38100000000014,1
C=C[S+]([O-])c1cc2c(Nc3cccc(Br)c3)ncnc2cn1,4.6,375.25100000000003,1
C=C[S+]([O-])c1cc2c(Nc3cccc(Br)c3)ncnc2cn1,340.0,375.25100000000003,1
CNc1ncc2cc(-c3c(Cl)cccc3Cl)c(=O)n(C)c2n1,7500.0,335.1940000000001,0
Cn1c(=O)c(-c2c(Cl)cccc2Cl)cc2cnc(NCc3ccccn3)nc21,5000.0,412.28000000000014,0
Cn1c(=O)c(-c2c(Cl)cccc2Cl)cc2cnc(Nc3ccc(Cl)cc3)nc21,5000.0,431.71000000000015,0
C=C/C=C/C(=O)Nc1cc2c(Nc3cccc(Br)c3)ncnc2cn1,1.1,396.24800000000005,1
C=C/C=C/C(=O)Nc1cc2c(Nc3cccc(Br)c3)ncnc2cn1,27.0,396.24800000000005,1
C=CS(=O)(=O)Nc1cc2c(Nc3cccc(Br)c3)ncnc2cn1,0.76,406.2650000000001,1
C=CS(=O)(=O)Nc1cc2c(Nc3cccc(Br)c3)ncnc2cn1,2.4,406.2650000000001,1
Cn1c(=O)c(-c2c(Cl)cccc2Cl)cc2cnc(Nc3ccc(CCCC(=O)O)cc3)nc21,80.0,483.3550000000003,1
Cn1c(=O)c(-c2c(Cl)cccc2Cl)cc2cnc(Nc3ccncc3)nc21,910.0,398.2530000000001,1
Cn1c(SSc2ccccc2)c(C(=O)Nc2ccccc2)c2ccccc21,100000.0,390.53300000000013,0
O=C(O)c1cc(NCc2cc(O)ccc2O)ccc1O,92000.0,275.26000000000005,0
O=C1NC(=O)c2cc3c(cc21)N(c1ccccc1)CCN3c1ccccc1,100000.0,355.3970000000001,0
O=C(O)/C=C/C(=O)Nc1ccc2ncnc(Nc3cccc(Br)c3)c2c1,0.37,413.2310000000001,1
O=C(O)/C=C/C(=O)Nc1ccc2ncnc(Nc3cccc(Br)c3)c2c1,500.0,413.2310000000001,1
Cn1c(=O)c(-c2c(Cl)cccc2Cl)cc2cnc(Nc3ccccc3)nc21,260.0,397.2650000000001,1
Nc1ccc2ncnc(Nc3cccc(Br)c3)c2c1,0.78,315.17400000000004,1
CNc1ccc2ncnc(Nc3cccc(Br)c3)c2c1,11.0,329.2010000000001,1
Cn1c(SSc2c(C(=O)Nc3ccccc3)c3cc(Br)ccc3n2C)c(C(=O)Nc2ccccc2)c2cc(Br)ccc21,11400.0,720.5120000000002,0
COc1ccc2c(c1)c(C(=O)Nc1ccccc1)c(SSc1c(C(=O)Nc3ccccc3)c3cc(OC)ccc3n1C)n2C,100000.0,622.772,0
COc1ccc2c(C(=O)Nc3ccccc3)c(SSc3c(C(=O)Nc4ccccc4)c4ccc(OC)cc4n3C)n(C)c2c1,3600.0,622.772,0
O=C(O)c1cc(NCc2ccccc2O)ccc1O,20000.0,259.261,0
O=C(/C=C/C(=O)Nc1cc2c(Nc3cccc(Br)c3)ncnc2cn1)NCCCn1ccnc1,0.56,521.3790000000002,1
O=C(/C=C/C(=O)Nc1cc2c(Nc3cccc(Br)c3)ncnc2cn1)NCCCn1ccnc1,14.0,521.3790000000002,1
O=C(/C=C/C(=O)Nc1cc2c(Nc3cccc(Br)c3)ncnc2cn1)NCCCn1ccnc1,14.0,521.3790000000002,1
CN1CCN(CCCNc2ncc3cc(-c4c(Cl)cccc4Cl)c(=O)n(C)c3n2)CC1,8700.0,461.3970000000002,0
Cn1c(=O)c(-c2c(Cl)cccc2Cl)cc2cnc(NCCc3ccccn3)nc21,5000.0,426.3070000000002,0
CN(C)CCNc1ncc2ncnc(Nc3cccc(Br)c3)c2n1,35.0,388.2730000000001,1
CC(=O)Oc1cccc2c(C(=O)Nc3ccccc3)c(SSc3c(C(=O)Nc4ccccc4)c4cccc(OC(C)=O)c4n3C)n(C)c12,9900.0,678.7919999999999,0
COC(=O)c1cc(/N=C/c2ccccc2O)ccc1O,10000.0,271.272,0
CCNc1ncc2cc(-c3c(Cl)cccc3Cl)c(=O)n(C)c2n1,4500.0,349.22100000000006,0
Cc1ccc(Nc2ncc3cc(-c4c(Cl)cccc4Cl)c(=O)n(C)c3n2)cc1,480.0,411.2920000000002,1
COc1ccc2ncnc(Nc3cccc(Br)c3)c2c1,30.0,330.18500000000006,1
CCOC(=O)c1ccc(Nc2ncc3cc(-c4c(Cl)cccc4Cl)c(=O)n(C)c3n2)cc1,50000.0,469.32800000000015,0
O=C1NC(=O)c2cc(Nc3ccc(F)cc3)c(Nc3ccc(F)cc3)cc21,700.0,365.33900000000006,1
O=C1NC(=O)c2cc(Nc3ccc(F)cc3)c(Nc3ccc(F)cc3)cc21,2200.0,365.33900000000006,0
O=C1NC(=O)c2cc(Nc3ccc(I)cc3)c(Nc3ccc(I)cc3)cc21,50000.0,581.1510000000001,0
COc1ccc(Nc2cc3c(cc2Nc2ccccc2)C(=O)NC3=O)cc1,2000.0,359.3850000000001,0
COc1ccc(Nc2cc3c(cc2Nc2ccccc2)C(=O)NC3=O)cc1,18000.0,359.3850000000001,0
CC(=O)N(c1ccccc1)c1cc2c(cc1Nc1ccccc1)C(=O)NC2=O,50000.0,371.3960000000001,0
CC(=O)N(c1ccccc1)c1cc2c(cc1Nc1ccccc1)C(=O)NC2=O,50000.0,371.3960000000001,0
CN(C)CCCNC(=O)/C=C/C(=O)Nc1ccc2ncnc(Nc3cccc(Br)c3)c2c1,0.44,497.3970000000001,1
CN(C)CCCNC(=O)/C=C/C(=O)Nc1ccc2ncnc(Nc3cccc(Br)c3)c2c1,59.0,497.3970000000001,1
CN(C)CCCNC(=O)/C=C/C(=O)Nc1ccc2ncnc(Nc3cccc(Br)c3)c2c1,59.0,497.3970000000001,1
CCOc1cc2ncc(C#N)c(Nc3ccc(F)c(Cl)c3)c2cc1NC(=O)/C=C/CN(C)C,83.0,467.9320000000002,1
Cn1c(SSc2c(C(=O)Nc3ccccc3)c3c(Cl)cccc3n2C)c(C(=O)Nc2ccccc2)c2c(Cl)cccc21,100000.0,631.6100000000001,0
CCN(CC)c1ccc(Nc2cc3c(cc2Nc2ccc(N(CC)CC)cc2)C(=O)NC3=O)cc1,50000.0,471.60500000000025,0
CN1C(=O)c2cc(Nc3ccccc3)c(Nc3ccccc3)cc2C1=O,50000.0,343.38600000000014,0
CN1C(=O)c2cc(Nc3ccccc3)c(Nc3ccccc3)cc2C1=O,50000.0,343.38600000000014,0
CCCCNc1ncc2cc(-c3c(Cl)cccc3Cl)c(=O)n(C)c2n1,4400.0,377.27500000000015,0
Nc1ccc2ncnc(Nc3cccc(Br)c3)c2n1,7.6,316.16200000000003,1
Nc1ccc2ncnc(Nc3cccc(Br)c3)c2n1,53.0,316.16200000000003,1
CNc1cc2c(Nc3cccc(Br)c3)ncnc2cn1,0.008,330.189,1
CNc1cc2c(Nc3cccc(Br)c3)ncnc2cn1,15.0,330.189,1
CC(C)(C)c1cnc(CSc2cnc(NC(=O)Cc3ccc(CNC(CO)CO)cc3)s2)o1,25000.0,490.65100000000024,0
CN1CC[C@H](c2c(O)cc(O)c3c(=O)cc(-c4ccccc4Cl)oc23)[C@H](O)C1,7600.0,401.8460000000001,0
Oc1ccc2ncnc(Nc3ccc(OCc4ccccc4)cc3)c2c1,98.0,343.386,1
Oc1cc(O)c2nc(-c3ccc(O)c(O)c3)sc2c1,130000.0,275.285,0
Brc1cccc(Nc2ncnc3cc4c(cnn4CCN4CCOCC4)cc23)c1,3.7,453.34400000000034,1
Brc1cccc(Nc2ncnc3cc4c(cnn4CCN4CCOCC4)cc23)c1,192.0,453.34400000000034,1
C#Cc1cccc(Nc2ncnc3cc(OCCOC)c(OCCOC)cc23)c1,1.0,393.4430000000002,1
COc1cc2ncnc(Nc3ccc(F)c(Cl)c3)c2cc1OCCCN1CCOCC1,1.0,446.9100000000004,1
COc1cc2ncnc(Nc3cccc(Br)c3)c2cc1OC,0.025,360.2110000000001,1
CN(C)Cc1c[nH]c2cc3ncnc(Nc4cccc(Br)c4)c3cc12,2.6,396.2920000000001,1
CN(C)Cc1c[nH]c2cc3ncnc(Nc4cccc(Br)c4)c3cc12,9.7,396.2920000000001,1
Brc1cccc(Nc2ccnc3ccccc23)c1,5500.0,299.17100000000005,0
Brc1cccc(Nc2nccc3ccccc23)c1,100000.0,299.17100000000005,0
CS(=O)(=O)CCNCCCCOc1ccc2ncnc(Nc3ccc(OCc4ccccc4)cc3)c2c1,74.0,520.6550000000002,1
COc1ccc2ncnc(Nc3ccc(OCc4ccccc4)cc3)c2c1,68.0,357.41300000000007,1
CS(=O)(=O)CCNCc1ccc(-c2ccc3ncnc(Nc4ccc(OCc5cccc(F)c5)c(Cl)c4)c3c2)o1,10.0,581.0690000000002,1
O=C(O)Cn1ncc2cc3c(Nc4cccc(Br)c4)ncnc3cc21,53.0,398.2200000000001,1
O=C(O)Cn1ncc2cc3c(Nc4cccc(Br)c4)ncnc3cc21,1196.0,398.2200000000001,0
Brc1cccc(Nc2ncnc3cc4c(ccn4CCN4CCOCC4)cc23)c1,3.7,452.35600000000034,1
Brc1cccc(Nc2ncnc3cc4c(ccn4CCN4CCOCC4)cc23)c1,16.0,452.35600000000034,1
CCOc1cc2ncnc(Nc3cccc(Br)c3)c2cc1OCC,0.006,388.26500000000016,1
O=C(NCCCCOc1ccc2ncnc(Nc3ccc(OCc4ccccc4)cc3)c2c1)C(F)(F)F,74.0,510.5160000000002,1
Brc1cccc(Nc2ncnc3ccccc23)c1,27.0,300.15900000000005,1
COc1cccc2c(Nc3cccc(Br)c3)ncnc12,10000.0,330.185,0
Oc1ccc(-c2nc3c(O)cc(O)cc3s2)cc1,300000.0,259.286,0
Cc1nc(Nc2cccc(Br)c2)c2ccccc2n1,10000.0,314.186,0
CS(=O)(=O)CCNCCCCOc1ccc2ncnc(Nc3ccc(F)c(Cl)c3)c2c1,20.0,466.96600000000007,1
CS(=O)(=O)CCNCCCCOc1ccc2ncnc(Nc3ccc(F)c(Cl)c3)c2c1,71.0,466.96600000000007,1
O=c1c(O)c(-c2ccc(O)c(O)c2)oc2cc(O)cc(O)c12,190000.0,302.23800000000006,0
OCC(O)Cn1ncc2cc3c(Nc4cccc(Br)c4)ncnc3cc21,12.0,414.26300000000015,1
OCC(O)Cn1ncc2cc3c(Nc4cccc(Br)c4)ncnc3cc21,318.0,414.26300000000015,1
CN(C)CCCn1ccc2cc3c(Nc4cccc(Br)c4)ncnc3cc21,21.0,424.3460000000001,1
CN(C)CCCn1ccc2cc3c(Nc4cccc(Br)c4)ncnc3cc21,230.0,424.3460000000001,1
CS(=O)(=O)CCNCCCCOc1ccc2ncnc(Nc3ccc(OCc4cccc(F)c4)c(Cl)c3)c2c1,27.0,573.0900000000001,1
Cn1ncc2cc3c(Nc4cccc(Br)c4)ncnc3cc21,0.37,354.21100000000007,1
Cn1ncc2cc3c(Nc4cccc(Br)c4)ncnc3cc21,13.0,354.21100000000007,1
O=C(O)Cn1ccc2cc3c(Nc4cccc(Br)c4)ncnc3cc21,5.1,397.2320000000001,1
O=C(O)Cn1ccc2cc3c(Nc4cccc(Br)c4)ncnc3cc21,1780.0,397.2320000000001,0
CS(=O)(=O)CCNCCCOc1ccc2ncnc(Nc3ccc(OCc4ccccc4)cc3)c2c1,104.0,506.6280000000002,1
CN(C)CCn1ccc2cc3c(Nc4cccc(Br)c4)ncnc3cc21,41.0,410.3190000000001,1
CN(C)CCn1ccc2cc3c(Nc4cccc(Br)c4)ncnc3cc21,145.0,410.3190000000001,1
COC(=O)CN(C)Cc1c[nH]c2cc3ncnc(Nc4cccc(Br)c4)c3cc12,3.4,454.32800000000015,1
COC(=O)CN(C)Cc1c[nH]c2cc3ncnc(Nc4cccc(Br)c4)c3cc12,9.6,454.32800000000015,1
CN(CC(=O)O)Cc1c[nH]c2cc3ncnc(Nc4cccc(Br)c4)c3cc12,0.72,440.3010000000001,1
CN(CC(=O)O)Cc1c[nH]c2cc3ncnc(Nc4cccc(Br)c4)c3cc12,584.0,440.3010000000001,1
CS(=O)(=O)CCN(CCCCOc1ccc2ncnc(Nc3ccc(OCc4ccccc4)cc3)c2c1)C(=O)C(F)(F)F,263.0,616.6620000000004,1
C#Cc1cccc(Nc2ncnc3ccc(OCCCCNCCS(C)(=O)=O)cc23)c1,11.0,438.5530000000002,1
C#Cc1cccc(Nc2ncnc3ccc(OCCCCNCCS(C)(=O)=O)cc23)c1,45.0,438.5530000000002,1
CS(=O)(=O)CCNCCCCOc1ccc2ncnc(Nc3ccc(S(=O)(=O)c4ccccc4)cc3)c2c1,93.0,554.6940000000002,1
C=CCOc1ccc2ncnc(Nc3ccc(OCc4ccccc4)cc3)c2c1,79.0,383.4510000000001,1
CN(C)CCn1ncc2cc3c(Nc4cccc(Br)c4)ncnc3cc21,40.0,411.30700000000013,1
CN(C)CCn1ncc2cc3c(Nc4cccc(Br)c4)ncnc3cc21,262.0,411.30700000000013,1
Brc1cccc(Nc2ncnc3cc4[nH]ncc4cc23)c1,0.44,340.184,1
Brc1cccc(Nc2ncnc3cc4[nH]ncc4cc23)c1,20.0,340.184,1
Brc1cccc(Nc2ncnc3cc4[nH]ncc4cc23)c1,0.44,340.184,1
Brc1cccc(Nc2ncnc3cc4[nH]ccc4cc23)c1,0.44,339.196,1
Brc1cccc(Nc2ncnc3cc4[nH]ccc4cc23)c1,22.0,339.196,1
Brc1cccc(Nc2ncnc3cc4[nH]ccc4cc23)c1,0.44,339.196,1
CN(C)CCN(C)Cc1c[nH]c2cc3ncnc(Nc4cccc(Br)c4)c3cc12,7.5,453.38800000000015,1
CN(C)CCN(C)Cc1c[nH]c2cc3ncnc(Nc4cccc(Br)c4)c3cc12,81.0,453.38800000000015,1
Cn1ccc2cc3c(Nc4cccc(Br)c4)ncnc3cc21,0.8,353.22300000000007,1
Cn1ccc2cc3c(Nc4cccc(Br)c4)ncnc3cc21,22.0,353.22300000000007,1
Brc1cccc(Nc2ncnc3cc4c(cnn4CCCN4CCOCC4)cc23)c1,8.8,467.3710000000004,1
Brc1cccc(Nc2ncnc3cc4c(cnn4CCCN4CCOCC4)cc23)c1,77.0,467.3710000000004,1
CS(=O)(=O)CCNCCCCOc1ccc2ncnc(Nc3ccc4c(cnn4Cc4cccc(F)c4)c3)c2c1,24.0,562.6710000000002,1
CS(=O)(=O)CCNCCCCOc1ccc2ncnc(Nc3ccc4c(cnn4Cc4cccc(F)c4)c3)c2c1,630.0,562.6710000000002,1
Oc1ccc(-c2nc3ccc(O)cc3s2)cc1,130000.0,243.28700000000003,0
c1ccc(Nc2ncnc3ccccc23)cc1,346.0,221.26300000000003,1
Oc1ccc(/N=N/c2ccc(O)cc2O)cc1,58000.0,230.22300000000004,0
CN(CCCOc1ccc2ncnc(Nc3ccc(OCc4ccccc4)cc3)c2c1)CCS(C)(=O)=O,830.0,520.6550000000003,1
OCC(O)Cn1ccc2cc3c(Nc4cccc(Br)c4)ncnc3cc21,1.6,413.2750000000001,1
OCC(O)Cn1ccc2cc3c(Nc4cccc(Br)c4)ncnc3cc21,49.0,413.2750000000001,1
Brc1cccc(Nc2ncnc3cc4[nH]cc(CN5CCOCC5)c4cc23)c1,4.8,438.3290000000003,1
Brc1cccc(Nc2ncnc3cc4[nH]cc(CN5CCOCC5)c4cc23)c1,9.6,438.3290000000003,1
OCCN(CCO)Cc1c[nH]c2cc3ncnc(Nc4cccc(Br)c4)c3cc12,3.5,456.3440000000001,1
OCCN(CCO)Cc1c[nH]c2cc3ncnc(Nc4cccc(Br)c4)c3cc12,135.0,456.3440000000001,1
CN1CC[C@H](c2c(O)cc(O)c3c(=O)cc(-c4ccccc4Cl)oc23)[C@H](O)C1,22000.0,401.8460000000001,0
CN1CC[C@H](c2c(O)cc(O)c3c(=O)cc(Oc4ccccc4Cl)oc23)[C@H](O)C1,50000.0,417.84500000000014,0
CN1CC[C@H](c2c(O)cc(O)c3c(=O)cc(Sc4ccccc4Cl)oc23)[C@H](O)C1,50000.0,433.9130000000001,0
COC(=O)[C@@]1(Cc2ccc(O)c(CC=C(C)C)c2)OC(=O)C(O)=C1c1ccc(O)cc1,590000.0,424.4490000000002,0
Cn1cnc2c(NCc3ccccc3)nc(NCCO)nc21,440000.0,298.35,0
CO[C@H]1[C@@H](N(C)C(=O)c2ccccc2)C[C@@H]2O[C@@]1(C)n1c3ccccc3c3c4c(c5c6ccccc6n2c5c31)C(=O)NC4,1900.0,570.6490000000002,0
CO[C@H]1[C@@H](N(C)C(=O)c2ccc(Cl)cc2)C[C@@H]2O[C@@]1(C)n1c3ccccc3c3c4c(c5c6ccccc6n2c5c31)C(=O)NC4,7000.0,605.0940000000002,0
CO[C@H]1[C@@H](N(C)C(=O)c2ccc(C(=O)O)cc2)C[C@@H]2O[C@@]1(C)n1c3ccccc3c3c4c(c5c6ccccc6n2c5c31)C(=O)NC4,110.0,614.658,1
Cc1cccc(C)c1-c1cc2cnc(N)nc2nc1NC(=O)NC(C)(C)C,610.0,364.4530000000001,1
CN1CCN(CCCNc2ncc3cc(-c4c(Cl)cccc4Cl)c(NC(=O)NC(C)(C)C)nc3n2)CC1,150.0,545.519,1
Cc1cc(C)c(C)c(-c2cc3cnc(NCCCN4CCN(C)CC4)nc3nc2NC(=O)NC(C)(C)C)c1C,7000.0,532.7370000000003,0
CO[C@H]1[C@@H](N(C)S(C)(=O)=O)C[C@@H]2O[C@@]1(C)n1c3ccccc3c3c4c(c5c6ccccc6n2c5c31)C(=O)NC4,1100.0,544.6330000000002,0
CO[C@H]1[C@@H](N(C)C(=O)c2ccccc2Cl)C[C@@H]2O[C@@]1(C)n1c3ccccc3c3c4c(c5c6ccccc6n2c5c31)C(=O)NC4,4700.0,605.0940000000002,0
CS(=O)(=O)CCNc1nc(-c2ccc3ncnc(Nc4ccc(OCc5ccccc5)c(Cl)c4)c3c2)cs1,8.0,566.1080000000003,1
CS(=O)(=O)CCNc1nc(-c2ccc3ncnc(Nc4ccc(OCc5ccccc5)c(Cl)c4)c3c2)cs1,230.0,566.1080000000003,1
O=P(O)(O)C(O)c1ccc2ccccc2c1,250000.0,238.179,0
COC(=O)CN(C)[C@H]1C[C@@H]2O[C@](C)([C@H]1OC)n1c3ccccc3c3c4c(c5c6ccccc6n2c5c31)C(=O)NC4,1300.0,538.6040000000003,0
CS(=O)(=O)CCNc1nc(-c2ccc3ncnc(Nc4ccc(OCc5ccccc5)cc4)c3c2)cs1,82.0,531.6630000000002,1
CS(=O)(=O)CCNc1nc(-c2ccc3ncnc(Nc4ccc(OCc5ccccc5)cc4)c3c2)cs1,1600.0,531.6630000000002,0
N#C/C(=C\c1ccc(O)c(O)c1)C(N)=S,7000.0,220.253,0
CO[C@H]1[C@@H](N(C)CCC#N)C[C@@H]2O[C@@]1(C)n1c3ccccc3c3c4c(c5c6ccccc6n2c5c31)C(=O)NC4,1100.0,519.6050000000002,0
CS(=O)(=O)CCNc1nc(-c2ccc3ncnc(Nc4ccc5c(cnn5Cc5ccccc5)c4)c3c2)cs1,71.0,555.6890000000003,1
CS(=O)(=O)CCNc1nc(-c2ccc3ncnc(Nc4ccc5c(cnn5Cc5ccccc5)c4)c3c2)cs1,110.0,555.6890000000003,1
CO[C@H]1[C@@H](N(C)C(=O)CN)C[C@@H]2O[C@@]1(C)n1c3ccccc3c3c4c(c5c6ccccc6n2c5c31)C(=O)NC4,220.0,523.5930000000002,1
CS(=O)(=O)CCNc1nc(-c2ccc3ncnc(Nc4ccc(OCc5cccc(C(F)(F)F)c5)cc4)c3c2)cs1,540.0,599.6600000000002,1
CS(=O)(=O)CCNc1nc(-c2ccc3ncnc(Nc4ccc(OCc5cccc(C(F)(F)F)c5)cc4)c3c2)cs1,18000.0,599.6600000000002,0
CO[C@H]1[C@@H](N(C)C(=O)c2cccnc2)C[C@@H]2O[C@@]1(C)n1c3ccccc3c3c4c(c5c6ccccc6n2c5c31)C(=O)NC4,8180.0,571.6370000000002,0
CC(C)(C)NC(=O)Nc1nc2nc(N)ncc2cc1-c1ccccc1,5530.0,336.39900000000006,0
CCN(CC)CCCNc1ncc2cc(-c3c(Cl)cccc3Cl)c(NC(=O)NC(C)(C)C)nc2n1,6200.0,518.4930000000002,0
CO[C@H]1[C@@H](N(C)CC(=O)O)C[C@@H]2O[C@@]1(C)n1c3ccccc3c3c4c(c5c6ccccc6n2c5c31)C(=O)NC4,31.0,524.5770000000002,1
COc1ccc(C(=O)N(C)[C@H]2C[C@@H]3O[C@](C)([C@H]2OC)n2c4ccccc4c4c5c(c6c7ccccc7n3c6c42)C(=O)NC5)cc1,3600.0,600.6750000000002,0
CO[C@H]1[C@@H]([N+](C)(C)C)C[C@@H]2O[C@@]1(C)n1c3ccccc3c3c4c(c5c6ccccc6n2c5c31)C(=O)NC4,19.0,495.6030000000003,1
COc1cc(OC)cc(-c2cc3cnc(N)nc3nc2NC(=O)NC(C)(C)C)c1,50000.0,396.45100000000014,0
CS(=O)(=O)CCNc1nc(-c2ccc3ncnc(Nc4ccc(OCc5cccc(F)c5)c(Cl)c4)c3c2)cs1,10.0,584.0980000000002,1
CS(=O)(=O)CCNc1nc(-c2ccc3ncnc(Nc4ccc(OCc5cccc(F)c5)c(Cl)c4)c3c2)cs1,80.0,584.0980000000002,1
CCN(CC)CCCCNc1ncc2cc(-c3c(Cl)cccc3Cl)c(NC(=O)NC(C)(C)C)nc2n1,240.0,532.5200000000002,1
CCCCC(O)CN(C)[C@H]1C[C@@H]2O[C@](C)([C@H]1OC)n1c3ccccc3c3c4c(c5c6ccccc6n2c5c31)C(=O)NC4,1300.0,566.7020000000002,0
CO[C@H]1[C@@H](N(C)C(C)=O)C[C@@H]2O[C@@]1(C)n1c3ccccc3c3c4c(c5c6ccccc6n2c5c31)C(=O)NC4,2600.0,508.5780000000003,0
CO[C@H]1[C@@H](N(C)C(=O)C(F)(F)F)C[C@@H]2O[C@@]1(C)n1c3ccccc3c3c4c(c5c6ccccc6n2c5c31)C(=O)NC4,6400.0,562.5480000000001,0
COC(=O)c1ccc(C(=O)N(C)[C@H]2C[C@@H]3O[C@](C)([C@H]2OC)n2c4ccccc4c4c5c(c6c7ccccc7n3c6c42)C(=O)NC5)cc1,7400.0,628.6850000000001,0
CS(=O)(=O)CCNc1nc(-c2ccc3ncnc(Nc4ccc(F)c(Cl)c4)c3c2)cs1,35.0,477.9740000000001,1
CS(=O)(=O)CCNc1nc(-c2ccc3ncnc(Nc4ccc(F)c(Cl)c4)c3c2)cs1,570.0,477.9740000000001,1
CN[C@@H]1C[C@H]2O[C@@](C)([C@@H]1OC)n1c3ccccc3c3c4c(c5c6ccccc6n2c5c31)C(=O)NC4,100.0,466.5410000000003,1
CCN(C)[C@H]1C[C@@H]2O[C@](C)([C@H]1OC)n1c3ccccc3c3c4c(c5c6ccccc6n2c5c31)C(=O)NC4,330.0,494.5950000000003,1
CO[C@H]1[C@@H](N(C)C(=O)CCC(=O)O)C[C@@H]2O[C@@]1(C)n1c3ccccc3c3c4c(c5c6ccccc6n2c5c31)C(=O)NC4,160.0,566.6140000000001,1
CO[C@H]1[C@@H](N(C)C(=O)OC(C)(C)C)C[C@@H]2O[C@@]1(C)n1c3ccccc3c3c4c(c5c6ccccc6n2c5c31)C(=O)NC4,13500.0,566.6580000000001,0
COC(=O)N(C)[C@H]1C[C@@H]2O[C@](C)([C@H]1OC)n1c3ccccc3c3c4c(c5c6ccccc6n2c5c31)C(=O)NC4,2400.0,524.5770000000002,0
Cc1cc(C)c(C)c(-c2cc3cnc(N)nc3nc2NC(=O)NC(C)(C)C)c1C,6680.0,392.5070000000002,0
CO[C@H]1[C@@H](N(C)C(=O)CNC(=O)OC(C)(C)C)C[C@@H]2O[C@@]1(C)n1c3ccccc3c3c4c(c5c6ccccc6n2c5c31)C(=O)NC4,3500.0,623.71,0
CO[C@H]1[C@@H](N(C)C(=O)c2cc([N+](=O)[O-])cc([N+](=O)[O-])c2)C[C@@H]2O[C@@]1(C)n1c3ccccc3c3c4c(c5c6ccccc6n2c5c31)C(=O)NC4,70000.0,660.6430000000001,0
CN[C@H]1C[C@@H]2O[C@](C)([C@H]1OC)n1c3ccccc3c3c4c(c5c6ccccc6n2c5c31)C(=O)NC4=O,200.0,480.5240000000003,1
CC[N+](C)(C)[C@H]1C[C@@H]2O[C@](C)([C@H]1OC)n1c3ccccc3c3c4c(c5c6ccccc6n2c5c31)C(=O)NC4,43.0,509.6300000000003,1
N#C/C(=C\c1ccc(O)c(O)c1)C(=O)NCc1ccccc1,7000.0,294.31,0
COC(=O)CN1Cc2c(c3c4ccccc4n4c3c3c2c2ccccc2n3[C@]2(C)O[C@H]4C[C@H](N(C)C(=O)c3ccccc3)[C@@H]2OC)C1=O,100000.0,642.7120000000003,0
CO[C@H]1[C@@H](N(C)C(=O)c2cccc(Cl)c2)C[C@@H]2O[C@@]1(C)n1c3ccccc3c3c4c(c5c6ccccc6n2c5c31)C(=O)NC4,4600.0,605.0940000000002,0
CC(C)(C)NC(=O)Nc1nc2nc(N)ncc2cc1-c1c(Cl)cccc1Cl,450.0,405.2890000000001,1
CO[C@H]1[C@@H](N(C)C(=O)c2cnccn2)C[C@@H]2O[C@@]1(C)n1c3ccccc3c3c4c(c5c6ccccc6n2c5c31)C(=O)NC4,8180.0,572.6250000000002,0
CN[C@H]1C[C@@H]2O[C@](C)([C@H]1OC)n1c3ccccc3c3c4c(c5c6ccccc6n2c5c31)C(=O)N[C@@H]4O,17.0,482.54000000000025,1
CCNC(=O)Nc1nc2nc(N)ncc2cc1-c1c(Cl)cccc1Cl,1360.0,377.235,0
CO[C@H]1[C@@H](N(C)Cc2ccccc2)C[C@@H]2O[C@@]1(C)n1c3ccccc3c3c4c(c5c6ccccc6n2c5c31)C(=O)NC4,910.0,556.6660000000002,1
CNC(=S)N(C)[C@H]1C[C@@H]2O[C@](C)([C@H]1OC)n1c3ccccc3c3c4c(c5c6ccccc6n2c5c31)C(=O)NC4,12500.0,539.6610000000003,0
CO[C@H]1[C@@H](N(C)C(=O)c2ccccc2)C[C@@H]2O[C@@]1(C)n1c3ccccc3c3c4c(c5c6ccccc6n2c5c31)C(=O)N(Cc1ccccc1)C4,100000.0,660.7740000000001,0
CN[C@H]1C[C@@H]2O[C@](C)([C@H]1OC)n1c3ccccc3c3c4c(c5c6ccccc6n2c5c31)[C@H](O)NC4=O,260.0,482.54000000000025,1
CCNC(=O)Nc1nc2nc(NCCCCN(CC)CC)ncc2cc1-c1c(Cl)cccc1Cl,1260.0,504.46600000000024,0
CO[C@H]1[C@@H](N(C)C(=O)c2cccc([N+](=O)[O-])c2)C[C@@H]2O[C@@]1(C)n1c3ccccc3c3c4c(c5c6ccccc6n2c5c31)C(=O)NC4,4800.0,615.6460000000001,0
COc1cc2cc(-c3cccnc3)cnc2cc1OC,25000.0,266.3,0
Cc1cc(C)c(C(=O)/C(C#N)=C/c2ccc(O)c(O)c2)c(C)c1,19054.61,307.34900000000005,0
COc1ccc(-c2cnc3cc(OC)c(OC)cc3c2)cc1C,20000.0,309.36500000000007,0
Cc1cccc(C)c1NC(=O)/C(C#N)=C/c1ccc(O)c(O)c1,10232.93,308.33700000000005,0
N#C/C(=C\c1ccc(O)c(O)c1)C(=O)Nc1ccccc1,1258.93,280.283,0
COc1cc(/C=C(\C#N)C(N)=O)cc(CSc2ccc(C)cc2)c1O,1737.8,354.43100000000004,0
COc1cc(C=C(C#N)C#N)cc(CSc2ccccc2)c1O,6760.83,322.389,0
N#C/C(=C\c1ccc(O)c(O)c1)C(=O)Nc1ccccc1Cl,2089.3,314.72800000000007,0
COc1cc(/C=C(\C#N)C(N)=O)cc(CSc2nc3ccccc3o2)c1O,5248.07,381.41300000000007,0
COc1cc2c(Nc3ccc(Cl)cc3F)ncnc2cc1OCC1CCNCC1.Cl,300.0,453.3450000000003,1
COc1cc2c(Nc3ccc(Cl)cc3F)ncnc2cc1OCC1CCNCC1.Cl,100.0,453.3450000000003,1
COc1cc2cc(O)cnc2cc1OC,20000.0,205.21299999999997,0
COc1cc2cc(-c3ccc4ccccc4c3)cnc2cc1OC,20000.0,315.3720000000001,0
COc1ccc(-c2cnc3cc(OC)c(OC)cc3c2)cc1,20000.0,295.338,0
COc1cc2cc(-c3cc(OC)c(OC)c(OC)c3)cnc2cc1OC,20000.0,355.39000000000004,0
COc1cc2c(Nc3ccc(Cl)cc3F)ncnc2cc1OCCN(C)c1ccncc1,300.0,453.90500000000026,1
COc1cc2c(Nc3ccc(Cl)cc3F)ncnc2cc1OCCN(C)c1ccncc1,200.0,453.90500000000026,1
COc1cc2c(Nc3ccc(C#N)cc3F)ncnc2cc1OC/C=C/CN1CCCC1,800.0,433.48700000000036,1
COc1cc2c(Nc3ccc(C#N)cc3F)ncnc2cc1OC/C=C/CN1CCCC1,1400.0,433.48700000000036,0
COc1cc2cccnc2cc1OC,20000.0,189.21399999999997,0
COc1cc(/C=C(\C#N)C(N)=O)cc(CSc2ccccc2)c1O,398.11,340.404,1
COc1cc(/C=C(\C#N)C(N)=O)cc(CSC2=NCCS2)c1O,8709.64,349.43700000000007,0
Fc1ccc2cc(-c3ccsc3)cnc2c1,20000.0,229.27900000000002,0
N#C/C(=C\c1ccc(O)c(O)c1)C(=O)NC1CCCCC1,5888.44,286.3310000000001,0
COc1cc(/C=C(\C#N)C(N)=O)cc(CSCc2ccccc2Cl)c1O,1000.0,388.8760000000001,0
COc1cc2cc(-c3cccs3)cnc2cc1OC,20000.0,271.34100000000007,0
COc1ccc2cc(-c3ccsc3)cnc2c1,20000.0,241.31500000000003,0
N#C/C(=C\c1ccc(O)c(O)c1)C(=O)N1CCc2ccccc21,12022.64,306.32099999999997,0
N#C/C(=C\c1ccc(O)c(O)c1)C(=O)NCCc1ccccc1,616.6,308.337,1
COc1cc(/C=C(\C#N)C(N)=O)cc(CSc2cccc3ccccc23)c1O,1698.24,390.46400000000006,0
CNC(=O)c1c([Se][Se]c2[nH]c3ccccc3c2C(=O)NC)[nH]c2ccccc12,13000.0,504.3100000000001,0
COc1ccc(-c2cnc3cc(OC)c(OC)cc3c2)cc1OC,20000.0,325.3640000000001,0
COc1cc2cc(-c3ccc(O)cc3)cnc2cc1OC,20000.0,281.31100000000004,0
COc1ccc(CCc2cnc3cc(OC)c(OC)cc3c2)cc1,20000.0,323.39200000000005,0
N#C/C(=C\c1ccc(O)c(O)c1)C(=O)NCCCCc1ccccc1,5011.87,336.391,0
COc1cc2c(Nc3ccc(C)cc3F)ncnc2cc1OCC1CCNCC1,500.0,396.4660000000003,1
COc1cc2c(Nc3ccc(C)cc3F)ncnc2cc1OCC1CCNCC1,450.0,396.4660000000003,1
COc1cc(/C=C(\C#N)C(N)=O)cc(CSCc2ccccc2)c1O,891.25,354.43100000000004,1
COc1cc(/C=C(\C#N)C(N)=O)cc(SCCCC(=O)O)c1O,47863.01,336.3690000000001,0
c1cc(-c2cnc3cc4c(cc3c2)OCO4)cs1,20000.0,255.29799999999997,0
COc1cc2cc(-c3sccc3Cl)cnc2cc1OC,20000.0,305.78600000000006,0
COc1cc2c(Nc3ccc(Br)cc3F)ncnc2cc1OCCn1ccnn1,400.0,459.2790000000002,1
COc1cc2c(Nc3ccc(Br)cc3F)ncnc2cc1OCCn1ccnn1,50.0,459.2790000000002,1
COc1cc2c(Nc3ccc(C)cc3F)ncnc2cc1OCC1CCN(C)CC1,1000.0,410.49300000000034,0
COc1cc2c(Nc3ccc(C)cc3F)ncnc2cc1OCC1CCN(C)CC1,400.0,410.49300000000034,1
COc1cc2c(Nc3c(F)cc(Cl)cc3F)ncnc2cc1OCC1CCN(C)CC1,450.0,448.9010000000003,1
COc1cc2c(Nc3c(F)cc(Cl)cc3F)ncnc2cc1OCC1CCN(C)CC1,300.0,448.9010000000003,1
COc1cc2c(Nc3c(F)cc(Cl)cc3F)ncnc2cc1OCC1CCNCC1,500.0,434.87400000000025,1
COc1cc2c(Nc3c(F)cc(Cl)cc3F)ncnc2cc1OCC1CCNCC1,600.0,434.87400000000025,1
COc1cc2c(Nc3ccc(Cl)cc3F)ncnc2cc1OC[C@@H]1CCCN(C)C1,100.0,430.91100000000034,1
COc1cc2c(Nc3ccc(Cl)cc3F)ncnc2cc1OC[C@@H]1CCCN(C)C1,150.0,430.91100000000034,1
COc1cc2c(Nc3ccc(Cl)cc3F)ncnc2cc1OCCCN1CCOCC1,100.0,446.9100000000004,1
COc1cc2c(Nc3ccc(Cl)cc3F)ncnc2cc1OCCCN1CCOCC1,200.0,446.9100000000004,1
CCN(CC)CCNC(=O)c1c([Se][Se]c2c(C(=O)NCCN(CC)CC)c3ccccc3n2C)n(C)c2ccccc12,4700.0,702.6640000000001,0
COc1cc2cc(-c3ccc(C)cc3)cnc2cc1OC,20000.0,279.33900000000006,0
COc1cc2cc(-c3ccc(OC)c([N+](=O)[O-])c3)cnc2cc1OC,20000.0,340.3350000000001,0
Cc1cc(C=C(C#N)C#N)cc(O)c1O,61659.5,200.197,0
COc1cc2/c(=N/c3ccc(Br)cc3F)nc[nH]c2cc1OCC1CCN(C)CC1,200.0,475.3620000000003,1
COc1cc2/c(=N/c3ccc(Br)cc3F)nc[nH]c2cc1OCC1CCN(C)CC1,100.0,475.3620000000003,1
COc1cc2cc(-c3ccc(OCc4ccccc4)cc3)cnc2cc1OC,20000.0,371.4360000000001,0
COc1ccc2cc(-c3c[nH]c4ccccc34)cnc2c1OC,20000.0,304.3490000000001,0
COc1cccc(-c2cnc3cc(OC)c(OC)cc3c2)c1,20000.0,295.33799999999997,0
COc1cc2cc(C#Cc3ccccc3)cnc2cc1OC,20000.0,289.33400000000006,0
COc1cc2cc(C3CCCC3)cnc2cc1OC,20000.0,257.3329999999999,0
COc1ccc2ncc(-c3ccsc3)cc2c1,20000.0,241.31500000000003,0
COc1cc2cc(N)cnc2cc1OC,20000.0,204.22899999999998,0
CCOC(=O)C(Cc1ccccc1)NC(=O)/C(C#N)=C/c1ccc(O)c(O)c1,48977.88,380.4000000000001,0
N#C/C(=C\c1ccc(O)c(O)c1)C(=O)NCCCc1ccccc1,707.95,322.364,1
COc1cc2cc(CCC3CCCCC3)cnc2cc1OC,20000.0,299.414,0
N#C/C(=C\c1ccc(O)c(O)c1)C(=O)c1ccc(O)c(O)c1,5011.87,297.266,0
COc1cc(C=C(C#N)C#N)cc(SCC(=O)O)c1O,53703.18,290.3,0
N#C/C(=C\c1ccc(O)c(O)c1)C(=O)NCc1ccc(O)cc1,3019.95,310.309,0
COc1cc2c(Nc3ccc(Cl)cc3F)ncnc2cc1OC/C=C/CN1CCCC1.Cl,90.0,479.3830000000003,1
COc1cc2c(Nc3ccc(Cl)cc3F)ncnc2cc1OC/C=C/CN1CCCC1.Cl,80.0,479.3830000000003,1
COc1cc2c(Nc3ccc(Br)cc3F)ncnc2cc1OCCC1CCN(C)CC1,200.0,489.3890000000004,1
COc1cc2c(Nc3ccc(Br)cc3F)ncnc2cc1OCCC1CCN(C)CC1,150.0,489.3890000000004,1
COc1cc2c(Nc3ccc(Cl)cc3F)ncnc2cc1OCC1CCN(C)CC1.Cl,300.0,467.37200000000036,1
COc1cc2c(Nc3ccc(Cl)cc3F)ncnc2cc1OCC1CCN(C)CC1.Cl,100.0,467.37200000000036,1
COc1ccc(-c2cnc3cc(OC)c(OC)cc3c2)s1,20000.0,301.367,0
COc1cc2cc(/C=C/c3ccccc3)cnc2cc1OC,20000.0,291.3500000000001,0
Oc1cc2cc(-c3cccnc3)cnc2cc1O,500.0,238.246,1
COc1cc2cc(NCc3ccccc3)cnc2cc1OC,20000.0,294.3540000000001,0
N#C/C(=C\c1ccc(O)c(O)c1)C(N)=O,4466.84,204.18499999999997,0
COc1cc2c(Nc3ccc(Br)cc3F)ncnc2cc1OC[C@@H]1CCCN(C)C1,200.0,475.36200000000036,1
COc1cc2c(Nc3ccc(Br)cc3F)ncnc2cc1OC[C@@H]1CCCN(C)C1,150.0,475.36200000000036,1
COc1cc(OC)c2cc(-c3ccsc3)cnc2c1,20000.0,271.341,0
COc1ccc(-c2cnc3cc(OC)c(OC)cc3c2)c(OC)c1,20000.0,325.3640000000001,0
COc1ccc2cc(-c3cccnc3)cnc2c1OC,25000.0,266.3,0
COc1cc(C=C(C#N)C#N)cc(CSc2ccccc2C(=O)O)c1O,7943.28,366.3980000000001,0
COc1cc(/C=C(\C#N)C(N)=O)cc(CSc2ccccc2NC(C)=O)c1O,21877.62,397.4560000000001,0
COc1cc2c(Nc3ccc(Cl)cc3F)ncnc2cc1OCCN1CCN(C)CC1,200.0,445.9260000000004,1
COc1cc2c(Nc3ccc(Cl)cc3F)ncnc2cc1OCCN1CCN(C)CC1,200.0,445.9260000000004,1
COc1cc2c(Nc3ccc(Cl)cc3F)ncnc2cc1OCCCN1CCCC1.Cl,100.0,467.37200000000036,1
COc1cc2c(Nc3ccc(Cl)cc3F)ncnc2cc1OCCCN1CCCC1.Cl,100.0,467.37200000000036,1
N#C/C(=C\c1ccc(O)c(O)c1)C(=O)c1ccc([N+](=O)[O-])cc1,10964.78,310.26500000000004,0
COc1cc(/C=C(\C#N)C(N)=O)cc(CSc2nc3ccccc3[nH]2)c1O,14454.4,380.42900000000003,0
COc1cc2c(Nc3ccc(Br)cc3F)ncnc2cc1OCCCN1CCN(C)CC1.Cl,100.0,540.8650000000005,1
COc1cc2c(Nc3ccc(Br)cc3F)ncnc2cc1OCCCN1CCN(C)CC1.Cl,90.0,540.8650000000005,1
COc1cc2c(Nc3c(F)cc(Br)cc3F)ncnc2cc1OCC1CCN(C)CC1,300.0,493.3520000000003,1
COc1cc2c(Nc3c(F)cc(Br)cc3F)ncnc2cc1OCC1CCN(C)CC1,400.0,493.3520000000003,1
COc1cc2cc(C3=CCCC3)cnc2cc1OC,20000.0,255.31699999999995,0
COc1ccc(/C=C(\C#N)c2cccnc2)cc1OC,700.0,266.3,1
CC(C)(C)Oc1cc(/C=C(\C#N)C(=N)S)cc(C(C)(C)C)c1O,501187.23,332.4690000000001,0
COc1cc2c(Nc3ccc(Br)cc3F)ncnc2cc1OCC1CCN(C)CC1.Cl,500.0,511.8230000000004,1
COc1cc2c(Nc3ccc(Br)cc3F)ncnc2cc1OCC1CCN(C)CC1.Cl,170.0,511.8230000000004,1
COc1cc2c(Nc3ccc(Br)cc3F)ncnc2cc1OC[C@H]1CCCN(C)C1,100.0,475.36200000000036,1
COc1cc2c(Nc3ccc(Br)cc3F)ncnc2cc1OC[C@H]1CCCN(C)C1,150.0,475.36200000000036,1
N[C@H](Cc1c([Se][Se]c2[nH]c3ccccc3c2C[C@H](N)C(=O)NCc2ccccc2)[nH]c2ccccc12)C(=O)NCc1ccccc1,900.0,742.6440000000001,1
N[C@H](Cc1c([Se][Se]c2[nH]c3ccccc3c2C[C@H](N)C(=O)NCc2ccccc2)[nH]c2ccccc12)C(=O)NCc1ccccc1,4200.0,742.6440000000001,0
Cc1ccc(C)c2ncc(-c3ccsc3)cc12,20000.0,239.34300000000002,0
COc1cc2cc(-c3cccc(F)c3)cnc2cc1OC,20000.0,283.302,0
Cc1cc(C)c2cc(-c3ccsc3)cnc2c1,20000.0,239.34300000000002,0
COc1cc2cc(-c3cc(F)c(OC)c(F)c3)cnc2cc1OC,20000.0,331.31800000000004,0
CNC(=O)c1c(SSc2c(C(=O)NC)c3ccccc3n2C)n(C)c2ccccc12,6900.0,438.57800000000015,0
CCN(CC)CCNC(=O)c1c([Se][Se]c2[nH]c3ccccc3c2C(=O)NCCN(CC)CC)[nH]c2ccccc12,4600.0,674.6099999999999,0
COc1cc2cc(-c3ccccc3OC)cnc2cc1OC,20000.0,295.3380000000001,0
COc1cc2cc(OCc3ccccc3)cnc2cc1OC,20000.0,295.3380000000001,0
COc1cc(/C=C(\C#N)C(N)=O)cc(CSc2nc3cc(Cl)ccc3s2)c1O,83176.38,431.9260000000001,0
COc1cc(/C=C(\C#N)C(N)=O)cc(CSc2ccccn2)c1O,3388.44,341.392,0
COc1cc(/C=C(\C#N)C(N)=O)cc(CSc2ccccc2C(=O)O)c1O,707.95,384.41300000000007,1
Cc1ccc(C(=O)/C(C#N)=C/c2ccc(O)c(O)c2)cc1,15135.61,279.295,0
COc1cc2c(Nc3ccc(Cl)cc3F)ncnc2cc1OCCCN1CCN(C)CC1.Cl,75.0,496.4140000000004,1
COc1cc2c(Nc3ccc(Cl)cc3F)ncnc2cc1OCCCN1CCN(C)CC1.Cl,100.0,496.4140000000004,1
Cn1c([Se][Se]c2c(C(=O)O)c3ccccc3n2C)c(C(=O)O)c2ccccc21,3500.0,506.2780000000002,0
COc1cc2cc(-c3ccccc3)cnc2cc1OC,20000.0,265.312,0
COc1cc2cc(-c3ccc(Cl)s3)cnc2cc1OC,20000.0,305.78600000000006,0
CC(NC(=O)/C(C#N)=C/c1ccc(O)c(O)c1)c1ccccc1,2511.89,308.337,0
COc1cc2c(Nc3ccc(Cl)cc3F)ncnc2cc1OCCN1CCOCC1,400.0,432.8830000000004,1
COc1cc2c(Nc3ccc(Cl)cc3F)ncnc2cc1OCCN1CCOCC1,300.0,432.8830000000004,1
CNC(=O)c1c([Se][Se]c2c(C(=O)NC)c3ccccc3n2C)n(C)c2ccccc12,6100.0,532.3640000000001,0
COc1cc2cc(-c3ccsc3)cnc2cc1OC,20000.0,271.34100000000007,0
COc1cc2cc(-c3ccc(O)nc3)cnc2cc1OC,20000.0,282.29900000000004,0
Cc1cc(C)c(NC(=O)/C(C#N)=C/c2ccc(O)c(O)c2)c(C)c1,19054.61,322.36400000000003,0
NC(Cc1c(SSc2[nH]c3ccccc3c2CC(N)C(=O)NCc2ccccc2)[nH]c2ccccc12)C(=O)NCc1ccccc1,7400.0,648.8580000000002,0
NC(Cc1c(SSc2[nH]c3ccccc3c2CC(N)C(=O)NCc2ccccc2)[nH]c2ccccc12)C(=O)NCc1ccccc1,100000.0,648.8580000000002,0
COc1cc2cc(-c3ccc(F)c(F)c3)cnc2cc1OC,20000.0,301.29200000000003,0
COc1cc2cc(-c3ccc(F)cc3)cnc2cc1OC,20000.0,283.302,0
COc1cc2c(Nc3ccc(Br)cc3F)ncnc2cc1OCCC1CCNCC1,200.0,475.36200000000036,1
COc1cc2c(Nc3ccc(Br)cc3F)ncnc2cc1OCCC1CCNCC1,80.0,475.36200000000036,1
CCN(CC)CCn1c([Se][Se]c2c(C(=O)NC)c3ccccc3n2CCN(CC)CC)c(C(=O)NC)c2ccccc21,6900.0,702.664,0
COc1ccc(-c2cnc3cc(OC)c(OC)cc3c2)cn1,20000.0,296.326,0
COc1cc2cc(-c3ccc(N(C)C)cc3)cnc2cc1OC,20000.0,308.3810000000001,0
COc1ccc(/C=C/c2cnc3cc(OC)c(OC)cc3c2)cc1,20000.0,321.376,0
COc1cc2cc(-c3ccc(-c4ccccc4)cc3)cnc2cc1OC,20000.0,341.41000000000014,0
COc1cc2cc(-c3ccc(Cl)c(Cl)c3)cnc2cc1OC,20000.0,334.2020000000001,0
c1ccc2ncc(-c3ccsc3)cc2c1,20000.0,211.289,0
N#C/C(=C\c1ccc(O)c(O)c1)C(=O)c1ccccc1Cl,6606.93,299.71299999999997,0
COc1cc(/C=C(\C#N)C(N)=O)cc(CSc2nc3ccccc3s2)c1O,19054.61,397.48100000000005,0
CCOc1ccc2sc(SCc3cc(/C=C(\C#N)C(N)=O)cc(OC)c3O)nc2c1,165958.69,441.5340000000002,0
Cn1c([Se][Se]c2c(C(=O)OC(C)(C)C)c3ccccc3n2C)c(C(=O)OC(C)(C)C)c2ccccc21,100000.0,618.4940000000001,0
COc1cc2cc([N+](=O)[O-])cnc2cc1OC,20000.0,234.21099999999998,0
COc1cc2c(Nc3c(F)cc(Br)cc3F)ncnc2cc1OCC1CCNCC1,450.0,479.3250000000003,1
COc1cc2c(Nc3c(F)cc(Br)cc3F)ncnc2cc1OCC1CCNCC1,400.0,479.3250000000003,1
O=C(NCc1ccccc1)[C@H](Cc1c([Se]c2[nH]c3ccccc3c2C[C@@H](NC(=O)C(F)(F)F)C(=O)NCc2ccccc2)[nH]c2ccccc12)NC(=O)C(F)(F)F,50000.0,855.6980000000001,0
C(=C/c1cnc2ccccc2c1)\c1ccccc1,20000.0,231.298,0
N#C/C(=C\c1ccc(O)c(O)c1)C(=O)c1cccs1,30902.95,271.29699999999997,0
COc1cc(C=C(C#N)C#N)cc(CS(=O)(=O)c2ccc(C)cc2)c1O,22908.68,368.4140000000001,0
COc1cc2c(Nc3cc(O)c(C)cc3F)ncnc2cc1OCC1CCN(C)CC1.Cl,300.0,462.95300000000026,1
COc1cc2c(Nc3cc(O)c(C)cc3F)ncnc2cc1OCC1CCN(C)CC1.Cl,200.0,462.95300000000026,1
COc1cc2c(Nc3ccc(Cl)cc3F)ncnc2cc1OCCC1CCN(C)CC1,300.0,444.9380000000004,1
COc1cc2c(Nc3ccc(Cl)cc3F)ncnc2cc1OCCC1CCN(C)CC1,200.0,444.9380000000004,1
COc1ccc(-c2cnc3cc(OC)c(OC)cc3c2)cc1F,20000.0,313.32800000000003,0
N#C/C(=C\c1ccc(O)c(O)c1)C(=O)c1ccc(F)cc1,5128.61,283.258,0
COCCOc1cc2ncnc(Nc3ccc(Cl)cc3F)c2cc1OC,100.0,377.80300000000017,1
COCCOc1cc2ncnc(Nc3ccc(Cl)cc3F)c2cc1OC,100.0,377.80300000000017,1
COc1cc2c(Nc3cc(O)c(Cl)cc3F)ncnc2cc1OCC1CCN(C)CC1.Cl,100.0,483.37100000000027,1
COc1cc2c(Nc3cc(O)c(Cl)cc3F)ncnc2cc1OCC1CCN(C)CC1.Cl,70.0,483.37100000000027,1
N[C@H](Cc1c([Se][Se]c2[nH]c3ccccc3c2C[C@H](N)C(=O)NCc2ccccc2)[nH]c2ccccc12)C(=O)NCc1ccccc1,1300.0,742.6440000000001,0
COc1cc2cc(-c3c[nH]c4ccccc34)cnc2cc1OC,20000.0,304.34900000000005,0
COc1ccc(NC(=O)/C(C#N)=C/c2ccc(O)c(O)c2)c(OC)c1,25118.86,340.3350000000001,0
N#C/C(=C\c1ccc(O)c(O)c1)C(=O)NCc1ccccc1,501.19,294.31,1
c1ccc2ncc(-c3c[nH]c4ccccc34)cc2c1,20000.0,244.297,0
COc1cc2cc(C#CC3CCCCC3)cnc2cc1OC,20000.0,295.382,0
N#C/C(=C\c1ccc(O)c(O)c1)C(=O)c1ccccc1,14125.38,265.268,0
COc1cc(C=C(C#N)C#N)cc(C)c1O,87096.36,214.224,0
COc1cc2c(Nc3ccc(Br)cc3F)ncnc2cc1OC/C=C/CN1CCCC1.Cl,100.0,523.8340000000004,1
COc1cc2c(Nc3ccc(Br)cc3F)ncnc2cc1OC/C=C/CN1CCCC1.Cl,90.0,523.8340000000004,1
Clc1cc2cc(-c3ccsc3)cnc2cc1Cl,20000.0,280.179,0
N#C/C(=C\c1cc(O)c(O)c(CSCc2ccccc2)c1)C(N)=O,645.65,340.40400000000005,1
COc1cc(/C=C(/C#N)C(N)=O)cc(CSCc2ccc(Cl)cc2)c1O,15848.93,388.8760000000001,0
COc1cc2cc(-c3ccc([N+](=O)[O-])cc3)cnc2cc1OC,20000.0,310.3090000000001,0
O=C(NCc1ccccc1)[C@H](Cc1c([Se][Se]c2[nH]c3ccccc3c2C[C@@H](NC(=O)C(F)(F)F)C(=O)NCc2ccccc2)[nH]c2ccccc12)NC(=O)C(F)(F)F,7000.0,934.6580000000001,0
COC(=O)CCCc1c(SSc2c(CCCC(=O)OC)c3ccccc3n2C)n(C)c2ccccc12,100000.0,524.7080000000002,0
COc1cc2ncc(C#N)c(Nc3ccc(F)c(Cl)c3)c2cc1NC(=O)/C=C/CN1CCOCC1,13570.0,495.94200000000035,0
COC(=O)CC1C(=S)N(C)c2ccccc21,100000.0,235.30800000000002,0
CCOc1cc2ncc(C#N)c(Nc3ccc(F)c(Cl)c3)c2cc1NC(=O)/C=C/CN(C)C,80.0,467.9320000000002,1
CCN(CC)C(C)/C=C/C(=O)Nc1cc2c(Nc3ccc(F)c(Cl)c3)c(C#N)cnc2cc1OC,4840.0,495.98600000000016,0
Brc1cccc(Nc2ncnc3cc(NCCCCN4CCOCC4)ncc23)c1,5.4,457.3760000000004,1
Cc1cccc(Nc2ncnc3cc(NCCCN4CCOCC4)ncc23)c1,9.3,378.48000000000025,1
CN1C(=S)C(CCCC(=O)O)c2ccccc21,100000.0,249.335,0
COC(=O)CCCC1C(=S)N(C)c2ccccc21,100000.0,263.362,0
COC(=O)CCc1c(SSc2c(CCC(=O)OC)c3ccccc3n2C)n(C)c2ccccc12,100000.0,496.6540000000002,0
COC(=O)CCCc1c(SSc2[nH]c3ccccc3c2CCCC(=O)OC)[nH]c2ccccc12,100000.0,496.65400000000034,0
COCC#CC(=O)Nc1ccc2ncc(C#N)c(Nc3cccc(Br)c3)c2c1,960.0,435.2810000000001,1
CN(C)CCN(C)c1cc2ncnc(Nc3cccc(Br)c3)c2cn1,40.0,401.31200000000007,1
Brc1cccc(Nc2ncnc3cc(NCCN4CCOCC4)ncc23)c1,3.2,429.3220000000003,1
Brc1cccc(Nc2ncnc3cc(NCCN4CCOCC4)ncc23)c1,36.0,429.3220000000003,1
OCCN(CCO)CCNc1cc2ncnc(Nc3cccc(Br)c3)c2cn1,9.2,447.3370000000001,1
Cc1cccc(Nc2ncnc3cc(NCCCn4ccnc4)ncc23)c1,3.5,359.43700000000007,1
Cc1cccc(Nc2ncnc3cc(NCCCCN(C)C)ncc23)c1,5.4,350.4700000000001,1
CN1C(=S)C(CCC(=O)O)c2ccccc21,6700.0,235.30800000000002,0
COC(=O)CCC1C(S)=Nc2ccccc21,100000.0,235.30800000000002,0
COC(=O)Cc1c(Sc2c(CC(=O)OC)c3ccccc3n2C)n(C)c2ccccc12,100000.0,436.53300000000013,0
COc1cc(NC(=O)/C=C/CN(C)C)cc2c(Nc3cccc(Br)c3)c(C#N)cnc12,2880.0,480.36600000000016,0
CN1CCN(CCCNc2cc3ncnc(Nc4cccc(Br)c4)c3cn2)CC1,4.9,456.39200000000017,1
OCCN(CCO)CCCNc1cc2ncnc(Nc3cccc(Br)c3)c2cn1,1.2,461.3640000000001,1
O=S(=O)(O)CCNc1cc2ncnc(Nc3cccc(Br)c3)c2cn1,1.4,424.2800000000001,1
O=S(=O)(O)CCNc1cc2ncnc(Nc3cccc(Br)c3)c2cn1,1000.0,424.2800000000001,0
COCC#CC(=O)Nc1cc2c(Nc3cccc(Br)c3)c(C#N)cnc2cc1OC,790.0,465.3070000000002,1
C=C(CN(C)C)C(=O)Nc1cc2c(Nc3ccc(F)c(Cl)c3)c(C#N)cnc2cc1OCC,560.0,467.9320000000002,1
CN(CC(O)CO)c1cc2ncnc(Nc3cccc(Br)c3)c2cn1,3.2,404.2680000000001,1
Brc1cccc(Nc2ncnc3cc(NCCc4c[nH]cn4)ncc23)c1,0.91,410.2790000000001,1
COC(=O)CCCC1C(S)=Nc2ccccc21,100000.0,249.33500000000004,0
CN(CCO)c1cc2ncnc(Nc3cccc(Br)c3)c2cn1,2.6,374.2420000000001,1
NNc1cc2ncnc(Nc3cccc(Br)c3)c2cn1,7.1,331.177,1
COCCOCC#CC(=O)Nc1ccc2ncc(C#N)c(Nc3cccc(Br)c3)c2c1,930.0,479.3340000000001,1
COc1cc2ncnc(Nc3cccc(Br)c3)c2cc1OC,70.0,360.2110000000001,1
O=C(O)CCCC1C(S)=Nc2ccccc21,6700.0,235.30800000000002,0
Cc1ccc2[nH]c(SSc3[nH]c4ccc(C)cc4c3CCC(=O)O)c(CCC(=O)O)c2c1,8400.0,468.6000000000004,0
O=C(O)CCCc1c(SSc2[nH]c3ccccc3c2CCCC(=O)O)[nH]c2ccccc12,18000.0,468.6000000000003,0
C=CC(=O)Nc1ccc2ncnc(Nc3cccc(Br)c3)c2c1,2.0,369.22200000000004,1
OCCNc1cc2ncnc(Nc3cccc(Br)c3)c2cn1,0.24,360.21500000000003,1
COC(=O)CCc1c(SSc2[nH]c3ccccc3c2CCC(=O)OC)[nH]c2ccccc12,21000.0,468.6000000000003,0
CCOc1cc2ncc(C#N)c(Nc3cccc(Br)c3)c2cc1NC(=O)/C=C/CN1CCOCC1,10320.0,536.4300000000002,0
Brc1cccc(Nc2ncnc3cc(NCCCn4ccnc4)ncc23)c1,0.51,424.30600000000015,1
CNc1cc2ncnc(Nc3cccc(Br)c3)c2cn1,0.13,330.1890000000001,1
CNc1cc2ncnc(Nc3cccc(Br)c3)c2cn1,16.0,330.1890000000001,1
O=C(O)CCCNc1cc2ncnc(Nc3cccc(Br)c3)c2cn1,0.28,402.25200000000007,1
Cc1cccc(Nc2ncnc3cc(NCCCN4CCN(C)CC4)ncc23)c1,5.6,391.52300000000025,1
COC(=O)Cc1c(SSc2c(CC(=O)OC)c3ccccc3n2C)n(C)c2ccccc12,33000.0,468.60000000000014,0
COc1cc2ncc(C#N)c(Nc3cccc(Br)c3)c2cc1OC,190.0,384.2330000000001,1
[O-][N+]1(CCCNc2cc3ncnc(Nc4cccc(Br)c4)c3cn2)CCOCC1,0.74,459.34800000000024,1
[O-][N+]1(CCCNc2cc3ncnc(Nc4cccc(Br)c4)c3cn2)CCOCC1,1000.0,459.34800000000024,0
O=CN/C=C/c1cc(O)ccc1O,2000.0,179.17499999999998,0
CN(C)C/C=C/C(=O)Nc1ccc2ncc(C#N)c(Nc3cccc(Br)c3)c2c1,310.0,450.34000000000003,1
COc1cc(NC(=O)/C=C/CN2CCOCC2)cc2c(Nc3cccc(Br)c3)c(C#N)cnc12,5390.0,522.4030000000001,0
O=C(O)Cc1c(SSc2[nH]c3ccccc3c2CC(=O)O)[nH]c2ccccc12,10200.0,412.4920000000002,0
N#Cc1cnc2ccc(NC(=O)C#CCN3CCSCC3)cc2c1Nc1cccc(Br)c1,550.0,506.4290000000001,1
CN1C(=S)C(CC(=O)O)c2ccccc21,100000.0,221.281,0
COC(=O)CCC1C(=S)N(C)c2ccccc21,100000.0,249.335,0
CCCN(CC#CC(=O)Nc1ccc2ncc(C#N)c(Nc3cccc(Br)c3)c2c1)CCC,130.0,504.4320000000002,1
CNc1ccc2c(Nc3cccc(Br)c3)ncnc2c1,4.0,329.201,1
O=C(O)CCC1C(S)=Nc2ccccc21,1620.0,221.28100000000003,0
CC#CC(=O)Nc1ccc2ncc(C#N)c(Nc3cccc(Br)c3)c2c1,940.0,405.25500000000005,1
CN(C)CCCCNc1cc2ncnc(Nc3cccc(Br)c3)c2cn1,7.4,415.3390000000001,1
Nc1ccc2c(Nc3cccc(Br)c3)ncnc2c1,0.1,315.17400000000004,1
COc1cc2ncc(C#N)c(Nc3cccc(Br)c3)c2cc1NC(=O)/C=C/CN1CCOCC1,3830.0,522.4030000000002,0
CN(C)C/C=C/C(=O)Nc1cc2c(Nc3ccc(F)c(Cl)c3)c(C#N)cnc2cc1OC(F)(F)F,2640.0,507.8750000000001,0
COc1cc2ncc(C#N)c(Nc3ccc(F)c(Cl)c3)c2cc1NC(=O)/C=C/C(C)N(C)C,5220.0,467.9320000000002,0
C=CC(=O)Nc1ccc2ncc(C#N)c(Nc3cccc(Br)c3)c2c1,590.0,393.244,1
OCC(O)C(O)C(O)C(O)CNc1cc2ncnc(Nc3cccc(Br)c3)c2cn1,4.8,480.31900000000013,1
CN(C)CCCNc1cc2ncnc(Nc3cccc(Br)c3)c2cn1,8.8,401.31200000000007,1
CNc1cc2ncnc(Nc3cccc(C)c3)c2cn1,1.4,265.32,1
COC(=O)CCN1C(=S)C(CCC(=O)OC)(CCC(=O)OC)c2ccccc21,100000.0,407.4880000000002,0
O=C(O)Cc1c(SSSc2[nH]c3ccccc3c2CC(=O)O)[nH]c2ccccc12,9300.0,444.55900000000025,0
Cc1ccc2c(CCC(=O)O)c(SSc3[nH]c4cc(C)ccc4c3CCC(=O)O)[nH]c2c1,2900.0,468.6000000000003,0
Cn1c(SSc2c(CCCC(=O)O)c3ccccc3n2C)c(CCCC(=O)O)c2ccccc21,8300.0,496.6540000000003,0
OCCN(CCO)c1cc2ncnc(Nc3cccc(Br)c3)c2cn1,12.0,404.2680000000001,1
COC(=O)Cc1c(SSSc2[nH]c3ccccc3c2CC(=O)OC)[nH]c2ccccc12,35000.0,472.6130000000003,0
Cn1c(SSc2c(CC(=O)O)c3ccccc3n2C)c(CC(=O)O)c2ccccc21,53000.0,440.5460000000002,0
OCC(O)CNc1cc2ncnc(Nc3cccc(Br)c3)c2cn1,0.92,390.2410000000001,1
OCC(O)CNc1cc2ncnc(Nc3cccc(Br)c3)c2cn1,227.0,390.2410000000001,1
COCC1CCCN1CC#CC(=O)Nc1ccc2ncc(C#N)c(Nc3cccc(Br)c3)c2c1,150.0,518.4150000000002,1
COc1cc2ncc(C#N)c(Nc3cccc(Br)c3)c2cc1NC(=O)C#CCN(C)C,90.0,478.35000000000025,1
CCOc1cc2ncc(C#N)c(Nc3cccc(Br)c3)c2cc1NC(=O)/C=C/CN(C)C,1600.0,494.3930000000002,0
C/C=C/C(=O)Nc1ccc2ncc(C#N)c(Nc3cccc(Br)c3)c2c1,1620.0,407.2710000000001,0
CN(C)c1cc2ncnc(Nc3cccc(Br)c3)c2cn1,0.09,344.216,1
CN(C)c1cc2ncnc(Nc3cccc(Br)c3)c2cn1,14.0,344.216,1
OCC(CO)Nc1cc2ncnc(Nc3cccc(Br)c3)c2cn1,14.0,390.24100000000004,1
CN(C)CCCCCNc1cc2ncnc(Nc3cccc(Br)c3)c2cn1,8.4,429.3660000000001,1
COc1cc2ncc(C#N)c(Nc3ccc(F)c(Cl)c3)c2cc1NC(=O)/C=C/C(C)N1CCOCC1,10590.0,509.96900000000034,0
CN(C)CCNc1cc2ncnc(Nc3cccc(Br)c3)c2cn1,45.0,387.2850000000001,1
O=C(O)CCc1c(SSc2[nH]c3ccccc3c2CCC(=O)O)[nH]c2ccccc12,4200.0,440.5460000000003,0
CC#CC(=O)Nc1cc2c(Nc3cccc(Br)c3)c(C#N)cnc2cc1OC,910.0,435.2810000000002,1
CN(C)C/C=C/C(=O)Nc1ccc2ncc(C#N)c(Nc3ccc(F)c(Cl)c3)c2c1,650.0,423.8790000000001,1
COC(=O)CCC1(CCC(=O)OC)C(S)=Nc2ccccc21,100000.0,321.3980000000001,0
CCN(CC)C/C=C/C(=O)Nc1cc2c(Nc3ccc(F)c(Cl)c3)c(C#N)cnc2cc1OC,1910.0,481.95900000000023,0
C=CC(=O)Nc1cc2c(Nc3cccc(Br)c3)c(C#N)cnc2cc1OC,810.0,423.27000000000015,1
COc1cc2ncc(C#N)c(Nc3ccc(F)c(Cl)c3)c2cc1NC(=O)/C=C/CN(C)C,2320.0,453.9050000000002,0
C/C=C/C(=O)Nc1cc2c(Nc3ccc(F)c(Cl)c3)c(C#N)cnc2cc1OCC,7500.0,424.8630000000002,0
C=C(CN1CCOCC1)C(=O)Nc1ccc2ncc(C#N)c(Nc3ccc(F)c(Cl)c3)c2c1,2700.0,465.9160000000002,0
CN(C)C/C=C/C(=O)Nc1ccc2ncnc(Nc3cccc(Br)c3)c2c1,11.0,426.3180000000001,1
Cc1cccc(Nc2ncnc3cc(NCCc4c[nH]cn4)ncc23)c1,7.2,345.41,1
Nc1cc2ncnc(Nc3cccc(Br)c3)c2cn1,10.0,316.16200000000003,1
Nc1cc2ncnc(Nc3cccc(Br)c3)c2cn1,110.0,316.16200000000003,1
CN(CC(O)C(O)C(O)C(O)CO)c1cc2ncnc(Nc3cccc(Br)c3)c2cn1,3.2,494.3460000000001,1
O=C(O)CCC1(CCC(=O)O)C(S)=Nc2ccccc21,100000.0,293.34400000000005,0
Cc1cccc2c(CCC(=O)O)c(SSc3[nH]c4c(C)cccc4c3CCC(=O)O)[nH]c12,1500.0,468.60000000000025,0
CC(C)N(CC#CC(=O)Nc1ccc2ncc(C#N)c(Nc3cccc(Br)c3)c2c1)C(C)C,250.0,504.43200000000013,1
N#Cc1cnc2ccc(NC(=O)/C=C/CN3CCOCC3)cc2c1Nc1ccc(F)c(Cl)c1,2290.0,465.91600000000017,0
Brc1cccc(Nc2ncnc3cc(NCCCN4CCOCC4)ncc23)c1,1.9,443.34900000000033,1
Brc1cccc(Nc2ncnc3cc(NCCCN4CCOCC4)ncc23)c1,8.1,443.34900000000033,1
CN(CC(=O)O)c1cc2ncnc(Nc3cccc(Br)c3)c2cn1,16.0,388.225,1
Cn1c(SSc2c(CCC(=O)O)c3ccccc3n2C)c(CCC(=O)O)c2ccccc21,3100.0,468.60000000000025,0
O=C(O)CCNc1cc2ncnc(Nc3cccc(Br)c3)c2cn1,0.61,388.2250000000001,1
O=C(O)CCNc1cc2ncnc(Nc3cccc(Br)c3)c2cn1,11400.0,388.2250000000001,0
O=C(O)CC1C(S)=Nc2ccccc21,14900.0,207.254,0
COC(=O)CC1C(S)=Nc2ccccc21,100000.0,221.28100000000003,0
COc1cc2ncc(C#N)c(Nc3cccc(Br)c3)c2cc1NC(=O)/C=C/CN(C)C,790.0,480.3660000000002,1
O=C(O)CNc1cc2ncnc(Nc3cccc(Br)c3)c2cn1,1.5,374.1980000000001,1
COC(=O)Cc1c(SSc2[nH]c3ccccc3c2CC(=O)OC)[nH]c2ccccc12,18000.0,440.5460000000003,0
COCOC#CC(=O)Nc1ccc2ncc(C#N)c(Nc3cccc(Br)c3)c2c1,330.0,451.2800000000001,1
Nc1ncnc2c1c(-c1cccc(O)c1)cn2C1CCC1,300.0,280.3310000000001,1
CN(C)CCNc1[nH]cnc2c3ccccc3nc1-2.Cl,100000.0,291.786,0
COc1ccc(-c2cn(C3CCCC3)c3ncnc(N)c23)cc1,570.0,308.385,1
COc1cccc(-c2cn(C3CC(CNCCO)C3)c3ncnc(N)c23)c1,490.0,367.4530000000001,1
Brc1cccc(Nc2ncnc3ccc4cc[nH]c4c23)c1,1.24,339.1960000000001,1
C[C@H](Nc1ncnc2c1sc1ccccc12)c1ccccc1,538.0,305.406,1
Nc1ccc2sc3c(Nc4cccc(Br)c4)ncnc3c2c1,0.27,371.2630000000001,1
Nc1ccc2sc3c(Nc4cccc(Br)c4)ncnc3c2c1,86.0,371.2630000000001,1
COc1ccc(Nc2ncnc3cc(OC)c(OC)cc23)cc1OC,2800.0,341.36700000000013,0
COc1ccc(CC(CO)n2cc(-c3cccc(OC)c3)c3c(N)ncnc32)cc1,9700.0,404.4700000000002,0
COc1cccc(-c2cn(C3CCCC3)c3ncnc(N)c23)c1,460.0,308.385,1
Nc1ncnc2c1c(-c1ccccc1)cn2C1CCC(O)C1,790.0,294.35800000000006,1
COc1cccc(-c2cn(C3CC(CO)C3)c3ncnc(N)c23)c1,420.0,324.384,1
COc1nccc(-c2c(-c3ccc(F)cc3)ncn2C2CCNCC2)n1,10.0,353.4010000000002,1
COc1cc2ncnc(Nc3cccc(Br)c3)c2cc1OC,0.025,360.2110000000001,1
CCOC(C)=O.CN(C)CCNc1[nH]cnc2nc3ccccc3c1-2,10000.0,343.4310000000001,0
CCN(CC)CCn1c2ccccc2c2c(Nc3cccc(Br)c3)ncnc21,4100.0,438.3730000000001,0
Cc1cccc(Nc2ncnc3c2sc2ccc([N+](=O)[O-])cc23)c1.Cl,11.0,372.83700000000005,1
Cl.O=[N+]([O-])c1ccc2sc3c(Nc4cccc(C(F)(F)F)c4)ncnc3c2c1,460.0,426.8070000000001,1
COc1ccc(Oc2ncnc3cc(OC)c(OC)cc23)cc1OC,100000.0,342.3510000000001,0
c1ccc2c3nc[nH]c(NC4CCCCC4)c-3nc2c1,100000.0,266.3479999999999,0
COc1cccc2sc3c(Nc4cccc(Br)c4)ncnc3c12.Cl,20.0,422.73500000000007,1
